'Vihaan',M,08,12,20 marks,21 marks,53
'Ishaan',Male,Grade 6,29,24.0,16,69
MYRA,1,05,17,30.0,71 marks,118
KRISHNA,m,4,74.0,92,67,233
Isha,Male,11,34 marks,68,75.0,177
ANANYA,1,05,67.0,76 marks,8 marks,151
"""Ishaan""",female,09,31 marks,69,35,135
ADITI,0,9,49 marks,15,2 marks,66
SAANVI,M,011,5.0,93.0,66.0,164
KRISHNA,f,Grade 2,33,11.0,26.0,70
"""Aditi""",m,011,49 marks,58 marks,85,192
Zara,male,Grade 7,42,64.0,8 marks,114
"""Navya""",male,03,44,56,7 marks,107
"""Myra""",male,Grade 7,71 marks,12.0,89.0,172
Aryan,1,05,74 marks,9,65.0,148
DIYA,f,6,44 marks,81 marks,42 marks,167
'Arjun',m,01,80 marks,94,27.0,201
ARJUN,0,06,43,28.0,1 marks,72
ZARA,m,010,75.0,86.0,99,260
"""Rohan""",M,02,2 marks,13 marks,94.0,109
'Diya',F,5,75 marks,55.0,2 marks,132
Vihaan,female,Grade 2,31 marks,84 marks,48 marks,163
'Arjun',  M  ,Grade 10,78 marks,17 marks,14,109
'Aryan',0,Grade 9,25.0,85,58.0,168
'Advika',F,03,84,86.0,37,207
"""Rohan""",Male,012,24,80,58 marks,162
ADITI,F,4,6.0,16 marks,15 marks,37
'Myra',1,03,8.0,58,74 marks,140
"""Navya""",M,08,88,31.0,70,189
'Saanvi',M,010,75 marks,83,0 marks,158
ARJUN,  M  ,6,16,84.0,8.0,108
"""Aarav""",M,Grade 1,36,7.0,30,73
Isha,  F  ,Grade 1,78 marks,93,50 marks,221
Isha,1,5,62.0,57,27 marks,146
"""Rohan""",Male,09,94,29,13 marks,136
Advika,1,6,77.0,78 marks,30 marks,185
Navya,1,06,32 marks,1.0,4.0,37
"""Arjun""",M,09,7.0,67.0,97 marks,171
'Isha',  F  ,Grade 7,76.0,14,98.0,188
'Anika',0,08,95.0,64,83,242
'Aarav',female,8,75.0,99 marks,67,241
"""Anika""",male,Grade 8,73,30.0,41,144
'Krishna',  M  ,Grade 2,13.0,10.0,30,53
MYRA,m,10,34,48 marks,38,120
KRISHNA,  F  ,4,35,23,21 marks,79
SAANVI,f,4,16.0,91,38,145
'Rohan',Female,3,76,64,88.0,228
'Zara',female,Grade 9,17 marks,55,37 marks,109
'Saanvi',m,Grade 7,29.0,24 marks,2 marks,55
Diya,F,05,38,83,47.0,168
"""Reyansh""",  F  ,010,11,12.0,19,42
Aditi,male,01,54 marks,19 marks,9,82
'Advika',1,07,8,24.0,21 marks,53
VIHAAN,1,10,34,54,96,184
ADITI,1,Grade 10,91,98.0,40 marks,229
NAVYA,male,012,35.0,96.0,4 marks,135
KRISHNA,Female,9,56,88.0,12,156
Diya,m,11,12 marks,52.0,19,83
ZARA,  M  ,Grade 11,10 marks,72,65,147
"""Ananya""",  F  ,Grade 5,4,84,23,111
'Reyansh',Male,8,72.0,97,76 marks,245
'Kabir',Female,2,12 marks,42,72 marks,126
REYANSH,M,Grade 11,82.0,47,17 marks,146
'Myra',f,Grade 2,22,84.0,51.0,157
'Ishaan',male,3,82 marks,36,62.0,180
Isha,M,3,18.0,59.0,58.0,135
ROHAN,f,7,43 marks,96 marks,70,209
"""Aditi""",m,06,41 marks,64,85.0,190
ANANYA,F,Grade 9,48,73.0,76 marks,197
AARAV,F,05,66 marks,68.0,78 marks,212
Ananya,f,8,33,42.0,35,110
Kabir,male,Grade 2,15 marks,47.0,22,84
Shaurya,M,3,74.0,50 marks,0.0,124
"""Myra""",Male,10,43,63,87 marks,193
"""Krishna""",F,Grade 7,3.0,3.0,41,47
"""Aryan""",m,1,62.0,30 marks,1,93
'Krishna',f,2,50,12.0,63 marks,125
"""Advika""",male,Grade 2,65 marks,93,79.0,237
ARJUN,  F  ,Grade 6,83,6 marks,42,131
"""Aarav""",F,08,67.0,58,10 marks,135
Vihaan,f,Grade 6,27.0,86 marks,97.0,210
'Rohan',M,12,83 marks,71.0,9.0,163
'Saanvi',M,8,30.0,26,23 marks,79
"""Myra""",M,04,39.0,86 marks,36.0,161
ISHA,  F  ,09,31,45 marks,31.0,107
"""Isha""",Female,2,74,8,17,99
'Reyansh',1,Grade 4,41 marks,11 marks,88 marks,140
'Rohan',f,Grade 3,48 marks,90,69.0,207
Reyansh,female,12,17.0,24.0,88.0,129
Aarav,female,Grade 12,71.0,60,18 marks,149
ADITI,  F  ,07,61,36 marks,55 marks,152
"""Vihaan""",F,Grade 6,59.0,25.0,7.0,91
MYRA,Male,Grade 12,69 marks,71 marks,94,234
"""Ananya""",f,Grade 6,31.0,96,25.0,152
'Aryan',M,011,43.0,3.0,47 marks,93
MYRA,F,Grade 4,77.0,52.0,35 marks,164
'Rohan',  F  ,05,55.0,67,12 marks,134
'Kabir',Female,06,28 marks,2.0,7,37
"""Aditi""",M,7,6,79.0,84,169
'Aarav',male,Grade 10,99,43 marks,10.0,152
'Zara',f,04,79,43,83.0,205
Shaurya,female,Grade 4,58.0,53 marks,10.0,121
Diya,F,4,72.0,72.0,13.0,157
"""Isha""",F,010,85.0,98,27.0,210
Aryan,male,012,9.0,55 marks,55 marks,119
Shaurya,0,2,31,68.0,94.0,193
"""Navya""",1,4,33 marks,60,59,152
DIYA,  M  ,Grade 7,97 marks,20.0,3.0,120
'Advika',m,06,83.0,37.0,40.0,160
'Zara',1,010,45,94.0,64.0,203
"""Isha""",Male,02,82 marks,74.0,43.0,199
SHAURYA,Male,Grade 9,85 marks,71,3.0,159
"""Zara""",female,9,89.0,13,16,118
"""Aditi""",Female,012,73 marks,21 marks,0,94
Myra,f,08,47,11,97.0,155
"""Zara""",1,Grade 1,22,70 marks,100.0,192
ROHAN,Male,8,16 marks,55 marks,77 marks,148
ISHA,  F  ,Grade 10,99,43,84.0,226
MYRA,Female,11,83 marks,41,29 marks,153
"""Diya""",female,4,29 marks,45.0,20 marks,94
"""Anika""",F,Grade 11,76,26 marks,23 marks,125
'Isha',m,1,48 marks,93 marks,94,235
ARYAN,m,5,25.0,23 marks,45 marks,93
AARAV,f,Grade 10,61,20,76,157
"""Ishaan""",Female,Grade 3,19,35,59 marks,113
'Zara',M,Grade 5,6 marks,92 marks,54 marks,152
ANANYA,0,2,26.0,63 marks,7 marks,96
'Aditi',  F  ,9,87.0,63.0,84 marks,234
'Anika',M,02,49 marks,91.0,47,187
ANIKA,female,7,83.0,22.0,54,159
"""Zara""",m,09,15.0,57,4.0,76
Saanvi,0,Grade 12,37.0,81,68,186
'Aditi',0,Grade 1,33,1,22,56
"""Aryan""",M,Grade 5,46,69.0,62,177
Myra,M,8,78.0,14.0,24,116
"""Arjun""",m,Grade 9,82 marks,84.0,2 marks,168
'Shaurya',1,02,50 marks,16 marks,36.0,102
"""Advika""",  F  ,12,98.0,57,48.0,203
Myra,m,6,14,81 marks,67,162
"""Vihaan""",0,Grade 2,73.0,78.0,94.0,245
"""Aryan""",m,Grade 7,29,100.0,47.0,176
'Kabir',  F  ,02,74.0,46 marks,37 marks,157
'Ananya',Female,Grade 7,19 marks,28.0,6.0,53
Zara,1,01,85 marks,82 marks,72,239
"""Ishaan""",0,06,42 marks,82.0,56 marks,180
ROHAN,f,012,93 marks,51,49.0,193
"""Advika""",M,07,35.0,85 marks,72 marks,192
'Krishna',Male,03,15 marks,80 marks,26,121
Rohan,  M  ,05,64,100 marks,81,245
'Rohan',  F  ,Grade 1,65 marks,31.0,80 marks,176
"""Ishaan""",  M  ,Grade 12,19,86.0,83 marks,188
Kabir,male,10,48.0,1.0,30 marks,79
ADITI,0,8,51 marks,59.0,27,137
'Myra',  M  ,Grade 11,94 marks,29 marks,37,160
Aryan,female,Grade 1,86.0,64,76 marks,226
'Anika',1,09,51.0,75,8.0,134
Vihaan,female,Grade 5,97.0,19 marks,66.0,182
"""Saanvi""",  M  ,9,26,80 marks,18,124
Ishaan,1,02,68.0,23,89.0,180
'Vihaan',  M  ,Grade 9,32,3 marks,3 marks,38
ROHAN,1,08,6 marks,21,54 marks,81
Aryan,female,Grade 10,59 marks,78,26 marks,163
"""Krishna""",  M  ,Grade 10,78.0,21,83.0,182
"""Anika""",female,2,98,94 marks,9,201
Saanvi,f,Grade 7,24.0,58,40.0,122
'Shaurya',F,Grade 3,42 marks,96 marks,17,155
'Vihaan',1,12,62.0,24.0,61.0,147
Diya,0,Grade 12,48.0,98.0,57.0,203
ADVIKA,  M  ,Grade 8,6,73.0,80,159
"""Reyansh""",f,03,34,66 marks,42,142
"""Navya""",Male,Grade 6,1.0,12.0,1,14
'Isha',Female,012,85.0,74 marks,69.0,228
Ishaan,  F  ,Grade 9,59 marks,43 marks,85.0,187
"""Shaurya""",1,6,7,39 marks,45 marks,91
Kabir,f,10,59.0,82.0,98,239
"""Diya""",Male,06,100,19 marks,17,136
"""Krishna""",f,Grade 4,30 marks,42,55.0,127
VIHAAN,1,7,42.0,73,39,154
"""Vihaan""",0,5,16,17.0,10 marks,43
"""Reyansh""",1,Grade 8,55.0,11 marks,40.0,106
'Shaurya',0,03,72,89 marks,65,226
'Diya',  M  ,05,93 marks,73,98,264
'Arjun',  M  ,8,30.0,94 marks,37 marks,161
"""Navya""",f,Grade 10,22,81 marks,44,147
'Navya',Female,9,11,73.0,16,100
'Aarav',female,4,98 marks,82.0,75 marks,255
"""Aditi""",Female,010,21.0,46 marks,33.0,100
ANANYA,female,7,37.0,12 marks,47 marks,96
'Reyansh',f,10,62 marks,8.0,52 marks,122
'Diya',m,5,62.0,64.0,24 marks,150
Reyansh,male,Grade 12,30 marks,4.0,8 marks,42
'Diya',0,11,98.0,91.0,16 marks,205
"""Kabir""",Male,Grade 4,51.0,1,22,74
Advika,0,10,69.0,26.0,0,95
Aarav,F,01,75 marks,0 marks,44.0,119
'Aarav',M,010,33.0,11.0,78,122
'Diya',  F  ,Grade 7,84 marks,87,16,187
ARJUN,0,1,3.0,88,47,138
'Saanvi',Female,8,31 marks,10.0,63,104
AARAV,male,Grade 11,47.0,25,98,170
Rohan,  F  ,011,33.0,78.0,25 marks,136
SHAURYA,0,03,43 marks,7.0,65 marks,115
'Shaurya',M,011,87.0,73.0,26 marks,186
REYANSH,f,5,4.0,43 marks,60.0,107
ZARA,Male,Grade 4,91 marks,4,60 marks,155
'Isha',M,Grade 5,0.0,85,73.0,158
Kabir,M,3,83.0,45,100.0,228
'Vihaan',m,Grade 9,4 marks,10,82 marks,96
"""Aditi""",m,Grade 1,18.0,36 marks,76.0,130
Shaurya,f,Grade 9,23,60,3,86
'Advika',female,9,35.0,78.0,6,119
"""Ananya""",  F  ,Grade 4,58 marks,73.0,95 marks,226
'Ishaan',Female,06,61 marks,47,0,108
"""Diya""",Female,Grade 10,93.0,77,7 marks,177
Aryan,Male,10,79 marks,41 marks,8,128
ISHA,0,Grade 12,95 marks,46,77,218
"""Diya""",  M  ,02,29 marks,31.0,43 marks,103
ISHAAN,f,05,71 marks,9 marks,5,85
ANANYA,0,6,0,3 marks,87,90
"""Zara""",  M  ,Grade 6,53.0,68 marks,92.0,213
'Aarav',Female,12,64,79 marks,64 marks,207
ANANYA,female,10,67 marks,19 marks,99 marks,185
SHAURYA,1,Grade 1,11.0,8 marks,68 marks,87
Aryan,Female,05,23,76 marks,54,153
'Rohan',F,02,29 marks,55,40,124
Rohan,male,Grade 7,33,36 marks,8 marks,77
"""Ishaan""",  F  ,Grade 4,4,26 marks,90 marks,120
Krishna,f,Grade 4,95.0,50,16,161
NAVYA,Female,Grade 5,24.0,92,52,168
'Arjun',F,012,30.0,30,22 marks,82
ARYAN,1,3,15 marks,20.0,57.0,92
Zara,Female,8,22 marks,83.0,34 marks,139
'Zara',  M  ,01,5 marks,39.0,21.0,65
'Vihaan',0,7,42.0,69.0,6,117
'Ananya',F,Grade 2,92,97 marks,93.0,282
'Kabir',male,07,33.0,45,96 marks,174
Zara,m,10,3.0,26,34 marks,63
Kabir,1,Grade 1,19,96,7.0,122
SAANVI,1,Grade 5,42.0,54.0,2,98
MYRA,Male,3,89.0,8.0,69 marks,166
ANIKA,female,12,15.0,39,32 marks,86
Saanvi,  M  ,2,50,97,85 marks,232
"""Aarav""",m,06,60.0,21.0,53 marks,134
NAVYA,Female,011,92.0,37 marks,25.0,154
"""Aarav""",  F  ,Grade 9,17.0,36,25 marks,78
'Anika',f,Grade 4,90,71 marks,52 marks,213
VIHAAN,1,05,45,20,73.0,138
ARYAN,1,2,53 marks,54,56.0,163
ANIKA,m,11,51,4 marks,85.0,140
"""Diya""",0,06,20 marks,48 marks,26.0,94
Aarav,female,010,92,95,61.0,248
"""Diya""",female,04,19,9,83,111
Rohan,M,09,9 marks,0,86,95
Kabir,0,4,36.0,10,59.0,105
'Krishna',  M  ,Grade 5,52 marks,52 marks,33,137
SHAURYA,0,12,30 marks,65 marks,30.0,125
"""Aryan""",1,05,94,10.0,48 marks,152
"""Aarav""",0,Grade 12,14 marks,84.0,95.0,193
Rohan,Male,Grade 12,31 marks,5,31.0,67
"""Kabir""",0,03,60.0,28 marks,5.0,93
Aarav,f,05,46,59,9.0,114
"""Ananya""",m,08,69 marks,59.0,3.0,131
"""Ananya""",male,7,18,92.0,83 marks,193
Saanvi,M,12,97,87.0,0,184
"""Aditi""",f,010,4,21,30 marks,55
Aarav,Male,07,8 marks,15,83,106
'Reyansh',1,09,48,15,7,70
'Shaurya',male,01,96,67 marks,33,196
Advika,  F  ,Grade 2,83,80 marks,58.0,221
Anika,  F  ,03,18,88.0,47,153
'Ananya',  M  ,03,99.0,52.0,21,172
Navya,Male,9,11 marks,97.0,84,192
"""Aarav""",  F  ,7,80.0,61.0,48,189
KABIR,female,9,93 marks,18,5,116
ISHA,0,5,89 marks,17,41,147
"""Aarav""",m,Grade 6,19.0,100.0,93,212
"""Rohan""",Male,012,37.0,78.0,11.0,126
'Myra',  M  ,6,7 marks,61 marks,43,111
DIYA,0,Grade 9,36,27.0,77 marks,140
"""Myra""",  F  ,8,38 marks,7 marks,58 marks,103
KRISHNA,male,09,68,81 marks,6.0,155
"""Ishaan""",M,Grade 12,23,22 marks,95,140
Myra,female,Grade 10,96,80.0,77 marks,253
"""Vihaan""",Female,Grade 6,55 marks,85,91 marks,231
'Navya',1,012,55.0,76.0,90.0,221
ANIKA,male,05,38.0,13,95 marks,146
ADITI,1,03,6,5 marks,93.0,104
Aarav,0,Grade 4,92,71.0,21 marks,184
ISHA,Female,Grade 4,52.0,27 marks,3,82
"""Krishna""",  F  ,011,89 marks,73 marks,2.0,164
ADITI,f,03,62.0,69 marks,64.0,195
VIHAAN,Male,02,79,77 marks,75.0,231
'Vihaan',M,09,4 marks,48.0,18.0,70
ROHAN,male,011,30 marks,28,34,92
"""Navya""",f,2,21,9.0,65,95
REYANSH,f,06,27 marks,29.0,98.0,154
"""Saanvi""",  F  ,Grade 2,20 marks,44 marks,97.0,161
VIHAAN,female,07,20.0,95 marks,28,143
'Anika',F,3,30,10 marks,45,85
Vihaan,1,Grade 11,2.0,70.0,25,97
"""Rohan""",m,1,80 marks,72.0,93 marks,245
'Rohan',0,3,55 marks,38,18.0,111
Krishna,  M  ,Grade 6,17.0,23,16 marks,56
VIHAAN,1,08,30.0,57.0,35,122
Vihaan,  F  ,Grade 9,56,25 marks,100,181
Navya,  M  ,7,85 marks,95.0,35,215
ANIKA,Male,07,40 marks,28,90.0,158
'Rohan',0,Grade 4,92.0,19 marks,64 marks,175
ADVIKA,F,04,30 marks,91,62.0,183
'Krishna',M,Grade 7,33 marks,35.0,48.0,116
KABIR,1,011,55,15,86.0,156
Anika,1,Grade 3,70,76,67,213
"""Diya""",0,Grade 2,12 marks,22 marks,94 marks,128
'Advika',m,07,79.0,92,71.0,242
ARJUN,M,011,74,21,31,126
'Zara',m,11,76.0,46 marks,89.0,211
Vihaan,1,Grade 6,67,40,21.0,128
ARYAN,Male,12,79.0,28.0,40,147
SHAURYA,male,5,14.0,1,65 marks,80
NAVYA,m,Grade 1,75.0,67 marks,63 marks,205
"""Zara""",  F  ,Grade 11,34 marks,47,94 marks,175
Ishaan,  F  ,8,36 marks,92.0,5.0,133
VIHAAN,female,5,42 marks,26 marks,41,109
Reyansh,1,7,73.0,12.0,27,112
"""Anika""",m,08,35,16.0,77.0,128
'Myra',M,Grade 1,54,97 marks,4.0,155
Isha,M,3,19,28,11.0,58
'Kabir',0,Grade 1,0 marks,96.0,87,183
'Rohan',Female,Grade 9,35.0,35,85.0,155
"""Aryan""",  M  ,1,84 marks,0.0,67,151
Ishaan,M,3,1,25 marks,77.0,103
'Advika',  M  ,02,86,81.0,53 marks,220
'Krishna',  M  ,Grade 3,65.0,92 marks,77.0,234
SAANVI,Male,11,3,67 marks,21 marks,91
Advika,Male,Grade 1,42,87.0,93 marks,222
"""Ishaan""",  F  ,6,69,53,78.0,200
"""Krishna""",Female,06,77 marks,34 marks,27.0,138
"""Aditi""",0,10,75 marks,38 marks,35.0,148
Saanvi,0,Grade 8,5 marks,75 marks,8,88
"""Aryan""",0,Grade 1,55.0,0 marks,72 marks,127
"""Aditi""",1,8,49.0,71.0,65 marks,185
"""Diya""",Female,Grade 4,93,7.0,88,188
SHAURYA,  M  ,5,7.0,55,36 marks,98
'Aditi',1,03,51 marks,52 marks,37,140
"""Kabir""",Male,1,75,35.0,25 marks,135
Aditi,F,1,79.0,2.0,25.0,106
Shaurya,  M  ,12,87.0,22 marks,4.0,113
Arjun,M,Grade 10,55.0,41 marks,41,137
"""Myra""",male,11,69.0,22.0,40,131
'Saanvi',male,10,90 marks,33.0,6 marks,129
ROHAN,  M  ,09,1,98.0,47 marks,146
"""Isha""",f,09,91 marks,94 marks,31.0,216
ISHAAN,Female,11,32 marks,33.0,87.0,152
'Anika',M,02,20.0,74,59 marks,153
Anika,male,05,32 marks,12.0,31.0,75
Advika,f,08,2,45,85 marks,132
Navya,Male,7,50,51,54.0,155
"""Shaurya""",female,6,49,43,29.0,121
"""Aarav""",M,Grade 12,90,49,92.0,231
"""Advika""",0,06,28,49.0,48.0,125
Ananya,m,01,92,28 marks,67 marks,187
'Reyansh',male,011,100 marks,56,64,220
Advika,f,Grade 10,49.0,4.0,83.0,136
"""Reyansh""",0,011,100 marks,73,74,247
'Anika',female,Grade 6,3 marks,29 marks,78 marks,110
'Rohan',0,02,32.0,72 marks,55,159
Aditi,  F  ,Grade 1,89.0,26,65 marks,180
"""Myra""",  M  ,Grade 6,56,92,47.0,195
ADVIKA,f,Grade 10,32 marks,99.0,57,188
"""Vihaan""",F,Grade 10,98.0,52.0,33.0,183
Krishna,1,09,44 marks,5 marks,14.0,63
"""Navya""",Female,Grade 2,43 marks,87.0,97.0,227
ROHAN,m,01,90.0,61,39,190
"""Rohan""",  M  ,Grade 8,38 marks,43.0,52,133
Zara,  M  ,09,91.0,6.0,77.0,174
ADVIKA,F,9,93,88,82.0,263
"""Ishaan""",F,01,9.0,7 marks,99.0,115
REYANSH,female,07,75.0,81.0,63 marks,219
'Kabir',F,10,72,93 marks,57,222
"""Arjun""",F,6,40.0,2,16.0,58
KABIR,male,1,5 marks,55,38,98
"""Ananya""",M,9,96 marks,24.0,3.0,123
"""Rohan""",Male,Grade 1,81.0,23,12,116
"""Advika""",f,Grade 6,29 marks,55,50,134
AARAV,Female,3,8 marks,31 marks,56,95
"""Ananya""",Female,010,99,36.0,40.0,175
Zara,male,010,88 marks,93,20,201
Aditi,female,11,16.0,17.0,54.0,87
Ananya,  F  ,05,13,34,70.0,117
'Zara',0,Grade 4,74,74 marks,42,190
Vihaan,f,Grade 8,99,83.0,22.0,204
Vihaan,male,9,50.0,84.0,88 marks,222
Myra,  F  ,01,69.0,14.0,36.0,119
'Ananya',male,3,38,91,94 marks,223
Ishaan,female,Grade 12,10.0,53.0,68,131
'Shaurya',Female,09,94 marks,42,87,223
"""Kabir""",  M  ,Grade 4,62,35.0,70,167
ISHAAN,female,02,79 marks,49,20 marks,148
ADVIKA,Female,3,32 marks,63.0,24 marks,119
'Aryan',male,3,26 marks,86 marks,52,164
"""Aditi""",0,012,57 marks,19.0,100.0,176
Navya,female,Grade 12,28 marks,62,41,131
DIYA,0,10,95 marks,14 marks,16.0,125
'Rohan',  F  ,06,93.0,35,50 marks,178
"""Diya""",1,4,14 marks,1 marks,73 marks,88
'Ananya',1,Grade 1,96.0,7 marks,56,159
"""Advika""",0,8,49 marks,96 marks,12 marks,157
"""Krishna""",1,Grade 8,94.0,11 marks,1.0,106
'Arjun',f,Grade 11,39.0,48 marks,85.0,172
Isha,Male,01,21.0,2,64 marks,87
Myra,  F  ,Grade 10,71,78,98.0,247
'Ananya',f,02,6,6,1.0,13
ARYAN,male,12,0.0,80.0,11 marks,91
"""Vihaan""",1,06,37,68,83.0,188
ROHAN,m,2,35,72.0,49.0,156
ARJUN,M,3,64.0,28.0,70,162
'Aarav',Female,05,7 marks,100 marks,42.0,149
"""Aarav""",Female,Grade 12,61,51 marks,87.0,199
'Rohan',f,Grade 3,4,11.0,54,69
'Aryan',male,Grade 5,9.0,23,5,37
KRISHNA,F,Grade 6,57,14.0,8 marks,79
Aditi,male,05,51.0,42,93,186
"""Shaurya""",M,07,28 marks,48,35,111
'Saanvi',0,07,54.0,55,93.0,202
'Rohan',0,12,87,56 marks,62 marks,205
DIYA,0,04,65 marks,8,89,162
Reyansh,f,3,94,45.0,33 marks,172
REYANSH,m,1,79 marks,32,30 marks,141
'Aarav',Male,8,54 marks,64 marks,88 marks,206
'Kabir',Female,Grade 3,48 marks,26 marks,61.0,135
'Ishaan',  M  ,Grade 6,0 marks,89 marks,46,135
"""Isha""",male,Grade 10,63.0,100,77 marks,240
ANANYA,  F  ,Grade 10,25,67 marks,17.0,109
"""Myra""",1,12,8 marks,59,56 marks,123
"""Advika""",male,Grade 12,57 marks,44 marks,66 marks,167
Vihaan,  F  ,2,55,59.0,42,156
'Advika',male,11,89.0,25 marks,48.0,162
Navya,m,12,6 marks,13 marks,59.0,78
Ishaan,  M  ,Grade 2,86 marks,44,60,190
'Aarav',Female,Grade 2,68 marks,41.0,69,178
'Isha',f,03,82 marks,23.0,89.0,194
Kabir,0,Grade 1,4 marks,0.0,24 marks,28
'Navya',female,01,8 marks,52,42 marks,102
Zara,1,010,10,93.0,35.0,138
'Arjun',male,05,2 marks,74.0,46.0,122
'Anika',m,06,51,27.0,85 marks,163
Krishna,  F  ,07,86,58,72.0,216
ARJUN,M,Grade 8,48,97.0,1,146
Anika,male,Grade 2,10.0,98,89,197
SHAURYA,Female,07,34.0,94 marks,80.0,208
"""Ananya""",male,Grade 9,42 marks,94,69,205
REYANSH,m,Grade 7,10 marks,23 marks,47.0,80
"""Shaurya""",female,09,66 marks,13.0,30.0,109
"""Arjun""",F,12,41,72 marks,51.0,164
'Kabir',F,07,12,66.0,34.0,112
Isha,Male,Grade 8,15,82 marks,48 marks,145
'Isha',1,Grade 9,66 marks,21.0,78 marks,165
'Zara',1,Grade 5,56.0,22.0,47.0,125
Arjun,Female,04,19 marks,24.0,51.0,94
"""Isha""",f,07,62,26 marks,27 marks,115
Ananya,m,10,26,90,62,178
ZARA,F,1,96,78 marks,1 marks,175
"""Ananya""",f,011,38.0,54.0,54,146
NAVYA,m,Grade 4,85 marks,72.0,70.0,227
'Myra',  M  ,01,79 marks,46.0,84 marks,209
"""Aarav""",  M  ,011,59,69.0,20 marks,148
Ananya,0,1,53.0,6.0,18 marks,77
VIHAAN,Male,5,73,35 marks,93.0,201
"""Advika""",Female,11,16 marks,91.0,14 marks,121
Isha,male,2,97,59,6 marks,162
"""Arjun""",  F  ,03,92.0,39 marks,75,206
Myra,Male,Grade 3,18 marks,29,72,119
Anika,  M  ,6,8 marks,23.0,56.0,87
ARJUN,  F  ,Grade 5,53 marks,37,12 marks,102
AARAV,m,Grade 6,14.0,23 marks,24 marks,61
SAANVI,Male,Grade 2,87,71 marks,23.0,181
"""Isha""",M,Grade 7,95,80.0,28 marks,203
'Isha',F,Grade 7,67 marks,21,43,131
Diya,F,9,88.0,4,75,167
"""Krishna""",M,2,51 marks,37,76 marks,164
Ishaan,f,Grade 9,84 marks,66.0,4 marks,154
REYANSH,F,01,29,43,88,160
"""Myra""",0,5,30 marks,4,25 marks,59
'Vihaan',female,012,18,34,57.0,109
MYRA,0,Grade 6,3.0,52.0,94,149
"""Advika""",female,010,56 marks,1.0,67 marks,124
'Myra',female,11,88.0,90.0,6,184
"""Aarav""",female,9,56.0,64,59 marks,179
'Ishaan',1,06,100,82.0,57,239
Kabir,male,Grade 5,8 marks,58 marks,62.0,128
KRISHNA,M,4,90 marks,33 marks,81.0,204
'Ananya',F,8,93,96,15 marks,204
"""Zara""",m,8,64,86.0,16,166
KRISHNA,0,Grade 7,98 marks,73,3 marks,174
"""Diya""",f,10,28,82 marks,69.0,179
ADVIKA,0,Grade 4,12.0,89 marks,82.0,183
"""Anika""",  F  ,5,65,16 marks,97.0,178
Saanvi,m,10,26,23.0,37 marks,86
NAVYA,m,10,81.0,54.0,27 marks,162
'Krishna',Male,2,88.0,51,85.0,224
ADVIKA,Male,Grade 1,76 marks,61.0,4,141
'Reyansh',male,Grade 11,84,96 marks,100.0,280
VIHAAN,m,06,50.0,95 marks,93,238
ROHAN,Female,Grade 8,10,32 marks,43.0,85
Krishna,  F  ,11,33.0,46.0,30,109
Zara,m,012,62,57.0,76 marks,195
'Vihaan',female,Grade 11,69.0,48,35,152
Arjun,  F  ,01,46,89,98,233
"""Krishna""",m,05,64 marks,22 marks,56,142
Navya,female,05,65 marks,81.0,51,197
'Anika',Male,3,96 marks,84 marks,22,202
ADVIKA,f,11,79.0,18.0,42,139
'Anika',  M  ,Grade 1,30.0,47.0,39.0,116
"""Vihaan""",  F  ,8,42,17 marks,66,125
ROHAN,  M  ,6,34 marks,88.0,24,146
SHAURYA,male,Grade 4,96.0,57 marks,77,230
Kabir,0,05,78 marks,16,24 marks,118
'Diya',  F  ,03,90 marks,93,100.0,283
ARJUN,female,04,16.0,64.0,23,103
VIHAAN,Female,04,17,61 marks,56 marks,134
"""Diya""",male,11,12.0,6 marks,91.0,109
'Vihaan',1,Grade 12,18 marks,25.0,94 marks,137
Diya,male,9,6 marks,84,99.0,189
ADVIKA,F,Grade 10,66.0,81.0,83,230
"""Vihaan""",  F  ,Grade 12,81.0,71.0,16.0,168
ISHA,Male,10,64,65.0,31,160
'Isha',f,11,68 marks,12 marks,80.0,160
Ishaan,0,7,87 marks,70,65 marks,222
'Krishna',F,11,31.0,37 marks,45,113
'Arjun',f,12,98.0,7 marks,61,166
SAANVI,Female,Grade 4,15 marks,76,48,139
"""Navya""",male,08,26.0,12 marks,5 marks,43
Saanvi,Female,01,61 marks,99,77 marks,237
'Isha',Male,10,16,98,9,123
Shaurya,Female,Grade 9,11 marks,59 marks,89,159
'Shaurya',Female,Grade 4,96,10.0,88.0,194
"""Shaurya""",m,08,4 marks,28.0,90,122
Shaurya,male,Grade 1,7,46,15.0,68
KRISHNA,M,9,3.0,48.0,59 marks,110
Arjun,Female,6,47,61,30 marks,138
"""Ananya""",F,Grade 3,16,7.0,7 marks,30
Zara,  F  ,Grade 1,79 marks,79,68,226
'Zara',Female,8,31.0,1,86.0,118
"""Anika""",  M  ,012,52,60 marks,80,192
'Kabir',1,Grade 10,54.0,90,73 marks,217
"""Navya""",0,6,85 marks,24.0,10.0,119
Krishna,female,Grade 9,23 marks,66,9.0,98
'Isha',m,7,39 marks,5,96.0,140
ADITI,Female,02,25 marks,10,90,125
Vihaan,male,10,5,19 marks,6.0,30
"""Advika""",0,Grade 3,3.0,23,13,39
'Zara',  F  ,Grade 7,35.0,7.0,2,44
ANANYA,1,Grade 6,70,18.0,14.0,102
ANIKA,Male,010,34,51.0,23 marks,108
'Saanvi',  F  ,2,62.0,60 marks,48.0,170
"""Aditi""",  F  ,08,22 marks,78 marks,9 marks,109
Navya,1,8,85.0,25.0,86 marks,196
"""Reyansh""",1,11,82.0,84.0,4,170
"""Shaurya""",M,02,63.0,18 marks,52.0,133
Aditi,Female,Grade 7,70,41.0,67 marks,178
Navya,female,03,17.0,4,85 marks,106
"""Isha""",1,03,91.0,65 marks,96.0,252
AARAV,Female,10,36 marks,56.0,45.0,137
Aditi,  F  ,1,67 marks,62.0,11,140
"""Vihaan""",m,7,42,13.0,40 marks,95
Aditi,f,9,39 marks,40 marks,74,153
ADVIKA,  F  ,12,54 marks,44,57.0,155
'Ishaan',Female,7,83 marks,4 marks,60 marks,147
DIYA,  M  ,Grade 10,35,89,14 marks,138
'Ananya',m,02,43 marks,74.0,49,166
'Ishaan',Female,5,74.0,91,43,208
ANANYA,1,012,56.0,77 marks,81 marks,214
KRISHNA,Male,Grade 6,17,2,33.0,52
KABIR,f,1,5,92 marks,68 marks,165
"""Vihaan""",0,1,18.0,97 marks,13 marks,128
'Advika',0,Grade 6,77.0,6.0,11.0,94
"""Ananya""",male,07,84.0,21.0,28,133
Shaurya,m,Grade 10,87,22,40 marks,149
SHAURYA,0,02,69 marks,85 marks,28 marks,182
REYANSH,f,Grade 3,70 marks,35.0,91 marks,196
'Kabir',f,Grade 6,33.0,97 marks,49,179
'Navya',  M  ,03,37,6 marks,45.0,88
'Zara',F,03,51,20 marks,47 marks,118
'Aarav',  M  ,Grade 12,33.0,79 marks,75,187
"""Rohan""",0,Grade 7,11.0,17,62.0,90
ISHA,1,04,57 marks,54.0,4.0,115
'Ishaan',m,10,59 marks,0,35 marks,94
Saanvi,Male,Grade 9,86,75.0,100,261
Ananya,f,Grade 5,21.0,73.0,34.0,128
'Anika',f,4,40.0,83.0,88 marks,211
Reyansh,  M  ,Grade 7,66,79,15 marks,160
"""Rohan""",  M  ,Grade 8,12,95 marks,32,139
KABIR,1,Grade 6,0,48 marks,62.0,110
KRISHNA,M,Grade 3,69 marks,72 marks,53 marks,194
"""Myra""",male,Grade 8,28,21,5,54
Krishna,F,Grade 8,87.0,42 marks,15.0,144
'Aarav',1,11,70 marks,73,78 marks,221
Aditi,Male,07,95,7 marks,52 marks,154
ANIKA,0,03,29.0,35,37.0,101
'Aditi',Male,06,6 marks,54 marks,11,71
Diya,  M  ,09,42 marks,6.0,69.0,117
Arjun,male,012,0 marks,85,38.0,123
'Myra',1,06,75,41,45.0,161
ARYAN,m,8,89 marks,9,50,148
"""Aryan""",male,6,11,53,83,147
REYANSH,  F  ,03,66 marks,56,73,195
AARAV,Female,6,73.0,19 marks,25 marks,117
NAVYA,m,01,93.0,16.0,90,199
"""Myra""",Female,1,98 marks,16,56 marks,170
Myra,f,06,36,92.0,46 marks,174
Krishna,1,Grade 10,95,38.0,66,199
Vihaan,male,Grade 5,88,79,3.0,170
ANIKA,F,06,23 marks,65 marks,60 marks,148
"""Anika""",f,04,34.0,80 marks,53 marks,167
Myra,1,02,73 marks,15 marks,82,170
'Ananya',  M  ,5,67 marks,81 marks,88,236
Myra,female,Grade 5,58.0,51,90 marks,199
Anika,Male,10,39 marks,42 marks,29.0,110
"""Reyansh""",1,8,24.0,83 marks,89,196
'Aarav',Male,02,98,13 marks,93,204
KRISHNA,0,Grade 11,23.0,53,0 marks,76
'Anika',f,1,82.0,80,95.0,257
'Advika',  M  ,Grade 6,75 marks,74 marks,31,180
"""Arjun""",  M  ,012,29,73.0,2 marks,104
Aarav,  F  ,011,94 marks,67,98 marks,259
'Anika',0,08,89 marks,4,66 marks,159
'Myra',  F  ,3,47.0,2.0,18,67
"""Vihaan""",Female,8,69.0,77 marks,19 marks,165
'Reyansh',female,Grade 11,38.0,40.0,70,148
ISHA,Male,03,90,74 marks,10.0,174
ANIKA,M,Grade 7,31.0,86.0,88 marks,205
ANIKA,  F  ,6,10 marks,35.0,5.0,50
"""Rohan""",0,012,86,27 marks,62,175
ANIKA,0,Grade 11,26 marks,82 marks,17,125
ARYAN,  F  ,05,30.0,46,74,150
'Anika',m,011,71 marks,9.0,31 marks,111
'Ishaan',Female,Grade 7,34 marks,65.0,52 marks,151
'Aryan',1,010,47,4 marks,32,83
'Diya',M,12,90.0,0 marks,0 marks,90
"""Shaurya""",  M  ,010,6 marks,14,95,115
"""Myra""",M,07,99,25.0,37,161
"""Krishna""",Male,02,81,0.0,69.0,150
"""Myra""",F,Grade 7,14,24.0,98 marks,136
"""Ananya""",M,Grade 2,85.0,6.0,97 marks,188
AARAV,M,05,70,7 marks,16 marks,93
ISHAAN,female,11,2.0,83,89 marks,174
"""Reyansh""",female,Grade 3,62,13,23.0,98
"""Zara""",0,09,14,42 marks,67.0,123
Ishaan,M,11,58 marks,8,29,95
"""Diya""",  F  ,05,12 marks,25.0,78 marks,115
'Arjun',male,01,92.0,80.0,25 marks,197
ISHAAN,1,1,95.0,71 marks,13 marks,179
ANANYA,  M  ,Grade 4,41.0,58.0,22 marks,121
'Myra',1,Grade 11,95,20,6 marks,121
KABIR,1,Grade 6,13 marks,93 marks,35.0,141
'Rohan',  F  ,6,26.0,28 marks,48.0,102
'Arjun',1,Grade 1,67 marks,85,12 marks,164
KABIR,  F  ,011,42.0,90.0,67.0,199
ANIKA,Male,12,89,64 marks,70,223
'Myra',  M  ,Grade 4,98.0,31 marks,37 marks,166
Saanvi,  F  ,8,83,26 marks,22 marks,131
"""Aryan""",F,Grade 2,31 marks,6 marks,53 marks,90
'Navya',female,Grade 3,2,56 marks,17.0,75
"""Advika""",  M  ,6,85.0,29,10 marks,124
"""Shaurya""",f,01,31 marks,86 marks,42 marks,159
AARAV,Male,09,43,0 marks,47,90
'Isha',F,9,71.0,81,91.0,243
"""Krishna""",F,09,8.0,64.0,73 marks,145
'Aditi',Male,09,88.0,89.0,85,262
MYRA,  M  ,5,8.0,52.0,65,125
'Aarav',  M  ,08,86,81.0,22,189
"""Shaurya""",male,8,17.0,41 marks,29,87
ANANYA,0,Grade 7,9,85,9 marks,103
Diya,F,012,68.0,3.0,24,95
SHAURYA,male,Grade 12,33 marks,31 marks,6,70
ZARA,Female,07,14,22 marks,21.0,57
'Arjun',1,01,80 marks,48 marks,46 marks,174
ROHAN,F,Grade 2,39 marks,77,28.0,144
'Reyansh',f,03,50,13,24.0,87
Kabir,F,03,3,19.0,78 marks,100
Aarav,female,011,92,70 marks,63.0,225
'Aditi',female,07,66,57.0,4 marks,127
Advika,  F  ,Grade 6,38,69,67.0,174
"""Zara""",  M  ,04,3.0,11 marks,17 marks,31
Ananya,m,2,34,73.0,29 marks,136
SHAURYA,  F  ,4,69,84.0,73,226
'Navya',F,06,47 marks,55.0,63,165
Aditi,1,Grade 5,69 marks,24 marks,42.0,135
'Ishaan',F,07,15.0,34,61 marks,110
ISHAAN,Male,8,28.0,70,13 marks,111
Reyansh,0,Grade 1,39.0,99.0,9.0,147
'Saanvi',M,11,84,68 marks,74.0,226
"""Zara""",M,3,20,82.0,27,129
Saanvi,Female,11,5 marks,40,8.0,53
ISHA,m,8,17.0,100.0,50,167
"""Diya""",Female,Grade 4,74,99 marks,25.0,198
"""Ananya""",1,Grade 10,9 marks,62.0,75 marks,146
Zara,  F  ,3,42.0,86 marks,67 marks,195
ISHA,male,Grade 11,94.0,39,87.0,220
Reyansh,0,10,19,28 marks,70,117
DIYA,male,2,94 marks,5,29.0,128
KRISHNA,  F  ,Grade 3,1 marks,57.0,39.0,97
"""Navya""",0,Grade 4,12,20,65 marks,97
ISHAAN,f,12,61,10 marks,42 marks,113
Aditi,F,Grade 11,6.0,57,98,161
'Saanvi',m,Grade 12,69.0,77 marks,8,154
ISHA,female,Grade 6,98,54.0,29.0,181
'Rohan',  M  ,03,88.0,44.0,60,192
'Arjun',M,8,30 marks,89,41 marks,160
'Vihaan',female,Grade 10,91.0,36.0,71 marks,198
'Vihaan',  M  ,3,13.0,90.0,37.0,140
Ananya,F,08,56.0,78.0,78 marks,212
'Diya',  F  ,8,73 marks,15,0 marks,88
Myra,male,09,80,3,5 marks,88
'Anika',  F  ,Grade 2,46,26 marks,73 marks,145
Shaurya,  M  ,Grade 11,77 marks,61 marks,81,219
Myra,F,012,67.0,5.0,84,156
VIHAAN,female,05,81 marks,3.0,7,91
'Advika',  F  ,12,40,38 marks,53 marks,131
Krishna,F,1,5,40,83,128
"""Ananya""",f,Grade 9,94,97 marks,0,191
Diya,Male,Grade 10,34 marks,75 marks,6,115
ADVIKA,M,06,19.0,55 marks,5,79
Saanvi,m,2,53.0,86 marks,1,140
"""Aryan""",M,2,41,0,21.0,62
'Arjun',female,Grade 4,80 marks,32,90 marks,202
'Navya',1,Grade 5,97.0,36 marks,89,222
'Aarav',F,07,12.0,60.0,24 marks,96
Advika,Male,Grade 8,20.0,72 marks,32.0,124
Ishaan,female,02,16.0,70 marks,89 marks,175
ARJUN,  F  ,8,8,0 marks,35.0,43
VIHAAN,M,Grade 10,37,23 marks,49.0,109
Rohan,female,1,71.0,27.0,66,164
'Zara',Male,9,62 marks,6,95,163
Advika,female,3,10,84.0,54,148
"""Rohan""",  M  ,011,74 marks,70,29,173
'Navya',Male,2,20 marks,83 marks,99 marks,202
KRISHNA,Male,9,62,56,46.0,164
"""Zara""",Male,12,69,68 marks,82 marks,219
'Navya',M,09,58,19,44.0,121
'Krishna',1,08,18 marks,59.0,68.0,145
Rohan,0,07,0 marks,59.0,79 marks,138
"""Isha""",0,Grade 3,20 marks,47 marks,60,127
Shaurya,0,6,30.0,75.0,26 marks,131
ISHA,  F  ,011,47 marks,90 marks,13.0,150
"""Advika""",  F  ,6,31 marks,39 marks,35 marks,105
'Saanvi',Male,7,86,3.0,69,158
"""Advika""",  M  ,Grade 11,63 marks,15 marks,9,87
ZARA,Male,08,98,2,3,103
"""Anika""",f,9,95.0,17.0,88.0,200
ISHA,F,Grade 4,79 marks,5 marks,33 marks,117
"""Ananya""",female,011,65 marks,86,25,176
AARAV,f,04,5 marks,11 marks,24.0,40
Aarav,  F  ,1,60 marks,51 marks,78 marks,189
"""Ananya""",0,Grade 6,30 marks,90.0,69 marks,189
Diya,1,Grade 12,35.0,94.0,59,188
'Ishaan',1,11,69 marks,8.0,34,111
Rohan,female,01,85 marks,32,24,141
ISHAAN,f,Grade 6,79 marks,37,5,121
Kabir,M,Grade 4,34,62,91.0,187
Ananya,  F  ,12,2,99,85,186
"""Anika""",m,012,28,57.0,83,168
"""Krishna""",0,Grade 2,100.0,66 marks,63.0,229
VIHAAN,F,09,62 marks,93,11.0,166
"""Shaurya""",m,Grade 10,7 marks,30.0,14.0,51
Myra,M,5,97.0,85 marks,72,254
'Anika',F,01,78,47.0,3,128
'Aditi',  F  ,Grade 10,24.0,55,8 marks,87
Myra,F,10,46 marks,41,72 marks,159
'Ishaan',  M  ,Grade 4,28.0,7,94,129
'Navya',Male,Grade 4,70 marks,100.0,85.0,255
Diya,male,Grade 12,3.0,5 marks,50.0,58
"""Krishna""",Female,Grade 1,78,46,19 marks,143
"""Vihaan""",f,4,64 marks,27,32.0,123
ZARA,Female,Grade 4,33 marks,18,96.0,147
"""Ananya""",M,3,62 marks,48.0,47,157
'Vihaan',f,07,77 marks,33,51.0,161
REYANSH,f,07,60 marks,26 marks,32.0,118
"""Shaurya""",female,01,47,74.0,27.0,148
"""Kabir""",  M  ,03,18 marks,8.0,83.0,109
"""Saanvi""",m,6,96,26,52,174
'Saanvi',  M  ,10,7.0,83 marks,94 marks,184
Saanvi,Male,02,68 marks,28.0,66,162
Arjun,F,Grade 12,12,10.0,74 marks,96
"""Krishna""",female,12,19 marks,18 marks,58.0,95
'Diya',  M  ,11,81 marks,85.0,46,212
Advika,  M  ,011,75 marks,34,51.0,160
'Zara',f,8,8.0,15 marks,76.0,99
"""Kabir""",0,012,97.0,21.0,21,139
'Anika',m,Grade 8,37,80,57,174
"""Reyansh""",0,06,44,88,100.0,232
"""Vihaan""",  F  ,07,92 marks,77,56 marks,225
Myra,M,08,35,35,57 marks,127
'Myra',1,04,63,76 marks,13.0,152
Ishaan,Female,05,65.0,28.0,63,156
"""Diya""",M,7,39.0,71.0,9,119
"""Diya""",1,7,83 marks,18 marks,98 marks,199
'Aarav',Male,08,60,73 marks,77 marks,210
"""Shaurya""",0,Grade 8,4,11,85 marks,100
'Rohan',male,04,78.0,80,14,172
"""Aarav""",  F  ,03,5 marks,41,20 marks,66
Aditi,female,2,86 marks,43 marks,63 marks,192
ANIKA,  M  ,Grade 4,94 marks,17 marks,3.0,114
REYANSH,Male,10,32 marks,66.0,43 marks,141
"""Aryan""",1,Grade 11,4.0,79.0,38.0,121
ROHAN,F,9,61,45.0,87 marks,193
'Ishaan',f,9,48 marks,75.0,32.0,155
'Shaurya',male,07,83,88.0,7,178
"""Vihaan""",m,04,34 marks,10.0,72,116
'Rohan',1,Grade 6,54.0,6 marks,31.0,91
"""Aditi""",F,04,5,76 marks,71 marks,152
"""Aryan""",1,12,87 marks,80 marks,38 marks,205
ZARA,f,5,12,15 marks,58.0,85
"""Saanvi""",male,Grade 10,77.0,93.0,66 marks,236
SAANVI,  F  ,03,13.0,63,36.0,112
'Aarav',Male,Grade 6,34 marks,15.0,6,55
"""Isha""",  F  ,Grade 7,26 marks,10.0,25.0,61
Isha,Male,Grade 11,98,1,34.0,133
Aditi,Female,Grade 3,83.0,92,92.0,267
ISHA,  F  ,6,3 marks,50.0,54,107
"""Shaurya""",  F  ,012,16.0,95.0,34,145
"""Aditi""",0,Grade 12,77.0,34,58.0,169
Ishaan,F,08,80.0,56 marks,31.0,167
'Shaurya',f,Grade 5,22.0,59.0,49,130
Aditi,M,Grade 6,6,55 marks,89 marks,150
'Shaurya',0,12,96,80 marks,99.0,275
'Isha',  M  ,Grade 2,52.0,92,99 marks,243
Zara,M,2,62,13.0,14.0,89
ARYAN,Male,8,20.0,69.0,97,186
'Vihaan',male,10,90.0,8 marks,55 marks,153
"""Aarav""",M,11,39.0,3.0,57.0,99
"""Ishaan""",female,012,94,75,4,173
Reyansh,  M  ,010,64 marks,83 marks,80.0,227
Aditi,Female,Grade 1,85 marks,93.0,99.0,277
'Navya',  M  ,08,40.0,45,56.0,141
NAVYA,Male,Grade 4,23.0,36,18 marks,77
"""Shaurya""",f,Grade 4,73 marks,0,94,167
'Rohan',f,2,35.0,97.0,10,142
Vihaan,  M  ,7,0.0,93.0,69.0,162
Rohan,1,011,93,65.0,89,247
Ananya,female,2,12,66.0,84 marks,162
'Myra',F,07,3 marks,55,97 marks,155
'Aryan',M,012,66.0,11,10 marks,87
ARJUN,0,011,60.0,60 marks,35.0,155
"""Ananya""",Female,Grade 10,83 marks,88,50,221
"""Isha""",0,08,76 marks,15.0,56 marks,147
'Anika',1,05,6 marks,94,91,191
'Isha',f,5,66.0,25.0,31,122
'Aditi',Male,1,33.0,52.0,35.0,120
'Vihaan',1,011,47.0,37 marks,77.0,161
'Isha',0,Grade 6,35.0,94.0,69.0,198
'Advika',  F  ,Grade 12,46 marks,19 marks,6 marks,71
ARYAN,  M  ,Grade 6,8 marks,46,20.0,74
ANANYA,Male,010,77,51,37,165
'Navya',F,12,73,6 marks,54,133
ARJUN,female,03,52,5 marks,96 marks,153
"""Ishaan""",  F  ,Grade 3,36,97 marks,8.0,141
Saanvi,  F  ,02,33.0,8.0,64,105
'Isha',  F  ,10,96 marks,72,75.0,243
Vihaan,Male,7,89,16,1.0,106
ARYAN,  M  ,Grade 11,74.0,5,10,89
Anika,  M  ,07,14.0,31.0,8,53
'Aditi',male,5,0.0,36,49,85
'Arjun',f,9,23,15.0,59.0,97
'Reyansh',  M  ,Grade 11,100.0,70.0,45.0,215
Ishaan,male,08,20,5.0,75.0,100
ARYAN,1,Grade 8,29 marks,86.0,49,164
Vihaan,Female,11,33,95,38 marks,166
Vihaan,m,02,37.0,0 marks,21,58
"""Myra""",1,01,30 marks,26.0,85,141
"""Ishaan""",1,Grade 8,67.0,80 marks,47,194
"""Vihaan""",  M  ,7,34 marks,3 marks,86 marks,123
"""Reyansh""",  M  ,012,27 marks,56,82 marks,165
'Aryan',female,3,26,99.0,13.0,138
Advika,f,Grade 4,72.0,37.0,89.0,198
'Kabir',female,2,17.0,15 marks,60.0,92
"""Anika""",male,Grade 6,37 marks,8,31,76
ISHA,m,8,24 marks,70,35,129
'Vihaan',Male,6,55 marks,9,76 marks,140
ARYAN,1,Grade 4,43,99,89.0,231
Anika,female,Grade 7,98 marks,5 marks,94,197
Krishna,0,3,84,56,13 marks,153
"""Zara""",male,03,60 marks,1,85.0,146
MYRA,Female,06,25,37.0,44 marks,106
"""Navya""",Female,Grade 2,30.0,88 marks,67,185
KRISHNA,f,Grade 8,33,41.0,60 marks,134
"""Navya""",  F  ,Grade 5,16 marks,81 marks,9.0,106
AARAV,Female,10,89 marks,98 marks,65 marks,252
Kabir,  F  ,3,4.0,58.0,78 marks,140
'Saanvi',m,12,7 marks,26.0,95,128
Anika,male,Grade 1,85.0,61,94 marks,240
Kabir,Female,Grade 10,45 marks,43,1 marks,89
Reyansh,F,7,57,26 marks,66.0,149
Ishaan,1,Grade 6,21 marks,18 marks,11 marks,50
Diya,f,3,61,90,23 marks,174
MYRA,  M  ,Grade 11,68,60,29,157
'Ananya',  F  ,10,37,67 marks,64,168
Myra,M,Grade 5,71.0,21.0,63.0,155
"""Diya""",female,Grade 2,27.0,75.0,87.0,189
'Kabir',f,10,6 marks,32.0,90,128
'Saanvi',  F  ,4,97 marks,26.0,75 marks,198
"""Kabir""",female,Grade 3,18.0,38 marks,20 marks,76
Saanvi,M,2,88.0,58.0,87.0,233
'Ananya',female,01,60.0,53,19,132
Isha,  M  ,2,19 marks,89,95.0,203
'Anika',0,7,81,71,12.0,164
ANANYA,  M  ,10,84 marks,39,67 marks,190
'Vihaan',  F  ,Grade 1,78 marks,93.0,73,244
'Isha',m,08,32.0,48 marks,55,135
"""Kabir""",Male,8,80 marks,25 marks,82.0,187
'Myra',1,Grade 10,21 marks,46 marks,32 marks,99
"""Kabir""",1,Grade 2,41,82 marks,43.0,166
NAVYA,M,9,44.0,8.0,30 marks,82
"""Advika""",1,10,76,38,40.0,154
Reyansh,1,08,75,82,69,226
'Isha',F,2,40.0,30 marks,2.0,72
Anika,male,01,3.0,10.0,58,71
ISHA,F,09,84,35 marks,75 marks,194
Navya,  F  ,Grade 7,18.0,47,9,74
DIYA,0,4,89.0,16.0,95 marks,200
"""Reyansh""",Female,011,96,67.0,59 marks,222
Shaurya,female,Grade 12,70.0,67 marks,51,188
"""Diya""",male,011,4 marks,39.0,51,94
'Aditi',1,05,9 marks,30,49 marks,88
'Reyansh',M,11,88 marks,55.0,91,234
Myra,1,06,38.0,12.0,43,93
Arjun,m,Grade 7,15.0,88 marks,32,135
"""Aryan""",m,11,18.0,49 marks,51 marks,118
"""Ananya""",0,06,40.0,1,32.0,73
'Anika',0,Grade 7,81 marks,62 marks,53.0,196
ADVIKA,female,Grade 12,32.0,3,41 marks,76
'Rohan',1,09,58.0,45,91,194
"""Saanvi""",Female,Grade 3,33.0,48 marks,38,119
"""Navya""",F,4,71.0,18,5.0,94
"""Shaurya""",M,01,29 marks,17,62 marks,108
'Zara',  F  ,7,21,63,44.0,128
Reyansh,F,11,21.0,28 marks,81.0,130
Ananya,m,1,4,4.0,75,83
'Aarav',Female,04,4 marks,84.0,41,129
ZARA,female,5,30,58 marks,98 marks,186
"""Myra""",F,05,44.0,23.0,85 marks,152
Kabir,male,Grade 5,13 marks,28.0,54,95
Arjun,F,Grade 5,34.0,50.0,13.0,97
Arjun,0,Grade 4,30,37.0,44,111
Reyansh,1,11,19.0,7.0,68,94
'Arjun',f,8,93,99 marks,31,223
"""Rohan""",M,07,35,66,39,140
'Vihaan',0,Grade 7,46.0,12.0,70,128
Navya,Female,Grade 11,32,43.0,67.0,142
Myra,F,02,42 marks,47,29.0,118
Reyansh,  M  ,06,22,46 marks,4 marks,72
"""Aarav""",female,010,0.0,65,18,83
DIYA,  F  ,Grade 4,45,81 marks,58 marks,184
Krishna,m,Grade 5,75,3 marks,3.0,81
"""Saanvi""",F,Grade 6,37,77.0,68.0,182
'Aarav',0,4,37.0,66 marks,91.0,194
"""Aarav""",Male,6,53,23 marks,80 marks,156
Ananya,M,12,72.0,57,8 marks,137
"""Ishaan""",male,8,77 marks,10 marks,48.0,135
"""Ananya""",  F  ,Grade 11,94 marks,65 marks,44.0,203
'Kabir',M,Grade 5,8.0,97 marks,32,137
ADITI,f,6,45.0,96,51,192
"""Aryan""",Male,Grade 3,1,9.0,55.0,65
Isha,male,02,41,35 marks,74.0,150
'Rohan',  F  ,07,25.0,23 marks,43 marks,91
Aarav,M,05,5.0,98,72.0,175
'Zara',M,12,89,49.0,4 marks,142
ANIKA,f,06,72,29.0,49,150
'Aryan',M,12,22,65.0,31.0,118
VIHAAN,male,Grade 1,45 marks,34,69.0,148
"""Advika""",m,012,85 marks,40.0,40 marks,165
'Arjun',Male,11,5.0,57,21.0,83
Aryan,  M  ,12,65,43 marks,81,189
'Anika',F,012,29 marks,64.0,5,98
'Vihaan',0,Grade 2,84,93,12 marks,189
Isha,f,Grade 11,49,68 marks,45,162
'Zara',m,03,35,6 marks,69.0,110
SAANVI,0,01,9,45.0,6 marks,60
AARAV,  F  ,4,43,5.0,38.0,86
ISHAAN,M,Grade 6,8.0,30.0,96.0,134
Anika,M,011,0.0,24 marks,38 marks,62
"""Ananya""",Female,7,79 marks,43,6 marks,128
"""Diya""",female,Grade 8,17,98.0,79 marks,194
'Diya',F,09,56.0,6.0,8,70
Ishaan,Male,1,32.0,63,71.0,166
'Advika',M,12,0 marks,66 marks,67 marks,133
"""Krishna""",male,09,81,36 marks,43 marks,160
"""Ishaan""",m,Grade 2,58,19,41.0,118
ANIKA,M,010,54,87,10,151
'Zara',m,07,13 marks,48 marks,98 marks,159
'Saanvi',Male,Grade 4,71,59,98 marks,228
"""Krishna""",f,05,1.0,28 marks,94,123
"""Arjun""",m,Grade 9,81,52 marks,87,220
MYRA,1,Grade 1,7.0,62 marks,33,102
"""Vihaan""",m,9,98 marks,44,12,154
'Navya',F,Grade 4,19.0,55 marks,58 marks,132
"""Arjun""",f,07,43 marks,2,10.0,55
"""Zara""",  F  ,Grade 8,77 marks,84.0,90.0,251
ADITI,f,Grade 11,22 marks,46.0,99.0,167
Arjun,Female,10,71,17,50 marks,138
