"Name","Gender","Grade","Math","Science","English","Total"
"Navya","Male","11","47","63","74","184"
"Rohan","Female","3","16","77","8","101"
"Aditi","Female","11","28","43","46","117"
"Myra","Male","7","74","12","72","158"
"Ishaan","Male","3","92","27","25","144"
"Aarav","Male","9","22","87","56","165"
"Aditi","Male","1","26","22","20","68"
"Saanvi","Female","3","57","56","91","204"
"Anika","Male","10","45","5","48","98"
"Krishna","Male","12","12","64","75","151"
"Myra","Female","5","99","95","75","269"
"Advika","Female","5","91","70","21","182"
"Anika","Female","12","41","13","97","151"
"Shaurya","Male","3","79","80","32","191"
"Ananya","Female","5","3","48","49","100"
"Shaurya","Female","3","46","51","89","186"
"Zara","Female","4","64","45","41","150"
"Kabir","Female","10","77","31","75","183"
"Ishaan","Male","7","68","34","72","174"
"Anika","Male","5","35","97","73","205"
"Aditi","Female","6","48","52","38","138"
"Zara","Female","9","29","38","21","88"
"Advika","Female","10","26","43","30","99"
"Arjun","Female","8","17","30","15","62"
"Aryan","Male","7","25","22","72","119"
"Ananya","Female","4","51","35","21","107"
"Arjun","Male","9","3","16","34","53"
"Arjun","Female","4","11","11","61","83"
"Anika","Female","1","24","95","40","159"
"Aarav","Female","10","71","34","60","165"
"Zara","Male","1","74","69","51","194"
"Kabir","Male","8","18","36","45","99"
"Vihaan","Female","4","63","11","1","75"
"Ananya","Female","10","14","70","18","102"
"Reyansh","Male","10","69","37","27","133"
"Shaurya","Female","1","19","66","93","178"
"Kabir","Female","8","62","90","43","195"
"Myra","Female","3","74","97","70","241"
"Kabir","Male","10","49","75","66","190"
"Aarav","Male","6","22","30","79","131"
"Shaurya","Male","6","84","72","19","175"
"Diya","Male","6","47","54","15","116"
"Anika","Male","12","36","85","71","192"
"Reyansh","Male","2","64","37","53","154"
"Rohan","Female","8","61","10","69","140"
"Kabir","Female","6","17","15","38","70"
"Reyansh","Female","7","8","83","50","141"
"Diya","Male","7","1","92","95","188"
"Vihaan","Male","2","4","57","25","86"
"Saanvi","Female","8","37","61","45","143"
"Reyansh","Male","4","30","55","82","167"
"Advika","Female","8","37","38","91","166"
"Aryan","Female","6","78","21","2","101"
"Reyansh","Female","8","26","12","13","51"
"Isha","Female","10","68","73","46","187"
"Kabir","Male","1","27","1","93","121"
"Advika","Male","6","11","85","68","164"
"Advika","Male","10","69","66","95","230"
"Aarav","Female","2","26","6","57","89"
"Ishaan","Female","5","80","82","42","204"
"Navya","Male","12","75","22","86","183"
"Diya","Male","4","87","46","20","153"
"Saanvi","Female","10","64","64","19","147"
"Saanvi","Female","3","99","4","71","174"
"Anika","Male","1","15","10","59","84"
"Myra","Male","11","41","51","43","135"
"Arjun","Male","2","31","90","34","155"
"Aditi","Female","12","78","21","89","188"
"Aarav","Male","5","70","82","53","205"
"Reyansh","Female","2","77","61","82","220"
"Aarav","Male","11","30","37","39","106"
"Rohan","Male","7","28","84","77","189"
"Vihaan","Male","10","44","13","80","137"
"Ishaan","Male","3","59","3","32","94"
"Zara","Female","10","74","6","17","97"
"Ananya","Female","9","36","47","30","113"
"Shaurya","Female","8","60","33","7","100"
"Ishaan","Male","6","38","60","65","163"
"Aarav","Male","9","44","18","18","80"
"Myra","Male","12","7","62","55","124"
"Krishna","Female","3","95","38","80","213"
"Aryan","Male","3","84","51","76","211"
"Aditi","Male","1","86","81","89","256"
"Vihaan","Male","6","5","18","86","109"
"Advika","Female","1","25","70","73","168"
"Advika","Male","5","37","60","77","174"
"Navya","Female","1","70","81","50","201"
"Rohan","Male","8","44","14","96","154"
"Reyansh","Male","1","60","23","54","137"
"Advika","Female","1","84","13","53","150"
"Aryan","Male","9","98","43","100","241"
"Rohan","Male","12","13","97","30","140"
"Kabir","Male","4","11","31","8","50"
"Rohan","Female","10","71","55","46","172"
"Diya","Female","8","14","73","50","137"
"Reyansh","Female","1","32","45","1","78"
"Vihaan","Female","9","98","55","98","251"
"Krishna","Female","9","87","94","30","211"
"Shaurya","Female","6","72","14","33","119"
"Shaurya","Female","4","71","99","83","253"
"Aditi","Female","6","25","64","17","106"
"Ananya","Male","2","72","8","29","109"
"Rohan","Female","12","66","70","14","150"
"Reyansh","Male","9","87","80","8","175"
"Ananya","Female","11","18","91","50","159"
"Krishna","Male","8","88","22","51","161"
"Shaurya","Female","4","38","48","97","183"
"Shaurya","Male","9","35","95","13","143"
"Aryan","Female","6","0","9","92","101"
"Rohan","Female","12","85","44","30","159"
"Reyansh","Male","1","44","20","35","99"
"Isha","Female","2","57","56","54","167"
"Ishaan","Male","2","63","25","61","149"
"Vihaan","Female","12","95","76","96","267"
"Aryan","Male","11","6","37","72","115"
"Advika","Male","8","27","5","29","61"
"Ishaan","Female","1","88","62","27","177"
"Advika","Male","6","7","10","13","30"
"Myra","Male","12","63","48","94","205"
"Navya","Male","1","47","68","57","172"
"Aryan","Male","6","37","39","51","127"
"Reyansh","Female","3","90","73","95","258"
"Shaurya","Male","12","40","73","47","160"
"Myra","Female","8","43","73","21","137"
"Saanvi","Male","12","93","60","55","208"
"Rohan","Female","8","75","72","93","240"
"Saanvi","Male","9","48","31","10","89"
"Diya","Male","11","100","35","40","175"
"Navya","Male","11","3","28","49","80"
"Advika","Female","1","48","31","60","139"
"Anika","Female","10","78","59","85","222"
"Krishna","Male","3","46","13","8","67"
"Reyansh","Male","4","53","68","59","180"
"Advika","Male","10","66","53","19","138"
"Ishaan","Male","8","73","66","72","211"
"Zara","Male","5","27","52","74","153"
"Aryan","Male","10","77","21","86","184"
"Isha","Male","2","92","100","24","216"
"Shaurya","Male","5","67","44","86","197"
"Shaurya","Male","6","48","2","78","128"
"Reyansh","Female","3","32","10","65","107"
"Isha","Female","1","30","34","42","106"
"Shaurya","Female","9","88","16","69","173"
"Navya","Male","7","51","78","89","218"
"Advika","Male","5","87","75","27","189"
"Zara","Female","6","87","55","4","146"
"Rohan","Female","3","42","59","3","104"
"Advika","Female","9","35","11","8","54"
"Vihaan","Male","2","4","9","17","30"
"Isha","Female","4","60","48","4","112"
"Saanvi","Male","2","54","30","96","180"
"Isha","Female","6","81","27","53","161"
"Ishaan","Female","5","14","24","84","122"
"Navya","Female","1","88","82","28","198"
"Shaurya","Female","6","78","71","13","162"
"Ananya","Female","2","26","15","20","61"
"Aryan","Female","5","1","47","74","122"
"Isha","Female","4","39","37","32","108"
"Zara","Female","6","55","100","82","237"
"Navya","Male","1","52","85","89","226"
"Navya","Male","11","24","82","85","191"
"Isha","Female","7","27","61","31","119"
"Arjun","Male","4","92","17","11","120"
"Isha","Female","11","45","46","32","123"
"Ishaan","Female","9","18","52","77","147"
"Saanvi","Female","9","54","18","92","164"
"Navya","Female","7","58","74","21","153"
"Vihaan","Female","3","90","33","53","176"
"Aditi","Female","3","45","32","30","107"
"Vihaan","Male","2","6","48","9","63"
"Anika","Male","3","69","97","98","264"
"Ananya","Female","1","15","39","84","138"
"Vihaan","Male","7","41","19","11","71"
"Kabir","Female","9","88","4","36","128"
"Arjun","Female","3","14","56","60","130"
"Reyansh","Female","12","13","88","21","122"
"Myra","Female","10","79","43","9","131"
"Aditi","Female","2","74","52","54","180"
"Kabir","Male","3","41","58","6","105"
"Aditi","Male","12","33","8","1","42"
"Reyansh","Male","8","29","48","68","145"
"Navya","Male","9","94","59","50","203"
"Aryan","Male","3","19","49","66","134"
"Ishaan","Female","12","22","73","71","166"
"Advika","Male","12","14","85","54","153"
"Aarav","Female","3","0","77","77","154"
"Zara","Male","2","40","48","41","129"
"Reyansh","Female","12","8","36","48","92"
"Rohan","Male","2","3","50","45","98"
"Aryan","Female","9","87","20","56","163"
"Isha","Female","2","76","52","24","152"
"Vihaan","Male","5","27","52","12","91"
"Aryan","Female","4","25","96","82","203"
"Reyansh","Female","2","12","65","41","118"
"Rohan","Female","9","45","38","50","133"
"Kabir","Female","9","34","25","4","63"
"Rohan","Male","2","63","24","87","174"
"Isha","Male","4","33","72","65","170"
"Shaurya","Female","11","97","51","24","172"
"Advika","Female","9","52","41","58","151"
"Reyansh","Female","7","22","26","72","120"
"Krishna","Female","10","33","19","5","57"
"Navya","Male","2","7","87","68","162"
"Shaurya","Female","6","84","57","27","168"
"Anika","Female","4","74","42","51","167"
"Reyansh","Female","3","94","7","4","105"
"Kabir","Female","8","44","28","9","81"
"Aryan","Female","1","44","40","31","115"
"Navya","Male","6","97","53","4","154"
"Myra","Female","8","20","37","46","103"
"Advika","Male","4","21","61","100","182"
"Reyansh","Male","8","29","75","24","128"
"Arjun","Female","7","43","68","46","157"
"Vihaan","Female","7","8","79","99","186"
"Myra","Male","6","23","9","90","122"
"Aditi","Female","3","24","92","93","209"
"Rohan","Female","7","66","9","47","122"
"Shaurya","Male","12","18","29","17","64"
"Kabir","Female","9","81","19","31","131"
"Navya","Female","1","77","5","88","170"
"Vihaan","Male","5","6","84","87","177"
"Isha","Female","8","51","30","30","111"
"Krishna","Male","11","20","36","15","71"
"Krishna","Male","4","27","9","55","91"
"Aditi","Male","11","44","18","61","123"
"Rohan","Male","2","90","41","54","185"
"Shaurya","Female","1","83","91","88","262"
"Ananya","Male","3","90","32","49","171"
"Rohan","Male","2","30","75","37","142"
"Isha","Female","6","15","89","37","141"
"Vihaan","Female","5","50","98","99","247"
"Navya","Female","11","1","57","18","76"
"Krishna","Male","7","45","64","2","111"
"Zara","Female","4","21","39","21","81"
"Aditi","Male","7","86","62","93","241"
"Anika","Male","7","23","75","70","168"
"Aarav","Female","12","70","47","21","138"
"Vihaan","Female","7","56","2","46","104"
"Diya","Male","12","5","10","62","77"
"Navya","Male","9","59","51","2","112"
"Zara","Female","6","29","17","24","70"
"Vihaan","Female","4","98","86","31","215"
"Aryan","Male","3","24","72","72","168"
"Krishna","Female","11","10","11","50","71"
"Aarav","Female","4","39","84","54","177"
"Ananya","Female","9","48","58","31","137"
"Aditi","Female","9","71","92","55","218"
"Advika","Female","12","61","3","29","93"
"Isha","Male","4","56","29","10","95"
"Reyansh","Male","6","66","58","55","179"
"Shaurya","Female","7","65","29","20","114"
"Diya","Male","5","46","43","15","104"
"Kabir","Female","1","16","84","9","109"
"Aditi","Male","6","74","0","48","122"
"Aryan","Male","3","69","41","88","198"
"Aryan","Male","4","43","91","19","153"
"Aarav","Female","12","66","53","19","138"
"Isha","Female","4","9","41","100","150"
"Shaurya","Female","4","100","93","81","274"
"Isha","Female","4","11","84","83","178"
"Navya","Male","7","40","68","82","190"
"Shaurya","Male","5","64","95","89","248"
"Advika","Female","5","71","41","40","152"
"Kabir","Male","4","96","14","49","159"
"Krishna","Female","11","54","39","29","122"
"Aarav","Female","2","70","47","15","132"
"Advika","Male","7","60","54","0","114"
"Advika","Female","9","23","64","92","179"
"Myra","Female","11","17","50","81","148"
"Krishna","Female","1","95","95","52","242"
"Myra","Male","8","35","91","58","184"
"Navya","Male","6","94","96","94","284"
"Ishaan","Female","6","32","28","43","103"
"Rohan","Male","1","9","21","91","121"
"Aarav","Male","9","35","8","59","102"
"Kabir","Female","7","19","58","8","85"
"Myra","Female","4","28","57","88","173"
"Anika","Male","9","3","8","36","47"
"Vihaan","Female","10","99","99","84","282"
"Aditi","Female","10","89","79","0","168"
"Zara","Male","3","71","36","48","155"
"Advika","Male","2","82","24","71","177"
"Rohan","Male","3","27","67","16","110"
"Myra","Male","2","100","82","1","183"
"Zara","Male","3","98","53","21","172"
"Advika","Male","5","86","48","86","220"
"Krishna","Male","11","59","65","44","168"
"Ishaan","Female","8","26","89","10","125"
"Krishna","Male","4","36","84","34","154"
"Ananya","Female","10","89","27","55","171"
"Advika","Male","11","74","66","66","206"
"Vihaan","Male","9","63","22","81","166"
"Advika","Female","3","57","9","37","103"
"Shaurya","Male","10","89","2","74","165"
"Aryan","Male","2","45","87","6","138"
"Ananya","Male","1","9","2","48","59"
"Ishaan","Female","11","20","95","77","192"
"Advika","Female","2","56","11","90","157"
"Krishna","Male","2","57","76","25","158"
"Anika","Female","5","63","37","74","174"
"Rohan","Female","5","93","80","63","236"
"Ishaan","Female","9","70","2","50","122"
"Navya","Male","8","31","48","22","101"
"Reyansh","Female","5","66","63","51","180"
"Krishna","Female","1","55","63","1","119"
"Shaurya","Female","10","95","60","24","179"
"Vihaan","Female","9","29","96","15","140"
"Zara","Female","6","28","76","95","199"
"Kabir","Female","6","30","33","66","129"
"Aditi","Female","11","88","61","66","215"
"Navya","Female","12","36","2","27","65"
"Saanvi","Female","4","5","89","99","193"
"Rohan","Female","2","88","42","66","196"
"Navya","Female","3","84","3","0","87"
"Krishna","Female","10","24","53","95","172"
"Aditi","Female","10","74","78","25","177"
"Saanvi","Female","1","70","72","73","215"
"Aryan","Male","4","81","40","82","203"
"Aditi","Female","10","57","85","85","227"
"Kabir","Female","1","36","32","97","165"
"Ishaan","Female","9","33","54","33","120"
"Krishna","Female","11","69","21","80","170"
"Aryan","Male","6","43","50","10","103"
"Isha","Male","6","45","31","63","139"
"Arjun","Male","9","58","89","6","153"
"Arjun","Female","6","60","5","53","118"
"Ananya","Female","7","60","32","40","132"
"Vihaan","Male","2","13","35","82","130"
"Aditi","Female","8","53","90","27","170"
"Anika","Male","1","62","22","50","134"
"Navya","Male","2","14","70","41","125"
"Saanvi","Male","4","21","69","99","189"
"Anika","Female","6","38","96","19","153"
"Myra","Male","5","2","83","72","157"
"Arjun","Female","3","44","65","95","204"
"Vihaan","Male","1","18","3","66","87"
"Saanvi","Female","4","10","8","64","82"
"Shaurya","Female","9","53","6","25","84"
"Reyansh","Female","7","43","85","81","209"
"Isha","Female","3","96","72","75","243"
"Aarav","Male","4","74","71","10","155"
"Shaurya","Female","3","38","20","80","138"
"Reyansh","Female","3","65","85","72","222"
"Krishna","Male","3","49","97","4","150"
"Aditi","Female","3","18","17","4","39"
"Reyansh","Female","11","16","53","8","77"
"Ishaan","Male","9","71","10","83","164"
"Isha","Male","10","81","10","12","103"
"Shaurya","Female","11","5","43","100","148"
"Arjun","Male","7","93","69","24","186"
"Aditi","Female","2","55","97","67","219"
"Ishaan","Male","5","73","92","49","214"
"Krishna","Female","12","36","52","79","167"
"Navya","Female","9","61","35","96","192"
"Aditi","Male","2","74","72","68","214"
"Aryan","Female","2","94","10","36","140"
"Rohan","Female","3","88","37","76","201"
"Aryan","Male","3","81","68","20","169"
"Rohan","Male","4","7","59","21","87"
"Ananya","Male","10","55","67","59","181"
"Diya","Male","9","12","41","0","53"
"Ishaan","Female","2","32","51","45","128"
"Vihaan","Female","8","35","46","6","87"
"Ishaan","Male","8","81","44","73","198"
"Myra","Male","10","96","52","93","241"
"Zara","Male","5","62","25","66","153"
"Anika","Female","9","93","84","30","207"
"Aarav","Male","1","65","25","42","132"
"Aditi","Female","1","44","23","51","118"
"Advika","Male","8","35","39","98","172"
"Reyansh","Male","1","1","100","24","125"
"Myra","Male","12","91","24","25","140"
"Arjun","Female","4","56","26","76","158"
"Arjun","Male","3","50","84","93","227"
"Rohan","Female","12","75","58","89","222"
"Rohan","Male","3","10","25","35","70"
"Rohan","Male","7","60","94","17","171"
"Ananya","Male","11","99","75","6","180"
"Diya","Female","11","89","44","25","158"
"Ananya","Male","12","65","60","32","157"
"Advika","Male","2","87","30","86","203"
"Aryan","Male","6","76","17","63","156"
"Anika","Female","6","64","75","94","233"
"Shaurya","Male","11","32","55","7","94"
"Ananya","Male","4","54","89","11","154"
"Aarav","Female","10","7","13","13","33"
"Krishna","Male","9","83","79","42","204"
"Ananya","Male","3","87","23","44","154"
"Krishna","Female","6","3","19","39","61"
"Kabir","Female","6","12","30","83","125"
"Navya","Male","4","78","73","21","172"
"Ishaan","Male","9","82","90","9","181"
"Ananya","Female","8","42","26","76","144"
"Navya","Male","8","60","45","14","119"
"Kabir","Male","5","9","16","11","36"
"Zara","Male","6","45","81","88","214"
"Kabir","Female","4","12","9","14","35"
"Aarav","Male","11","7","41","45","93"
"Reyansh","Female","11","51","16","73","140"
"Navya","Female","5","59","3","93","155"
"Anika","Female","3","72","1","56","129"
"Rohan","Female","12","99","82","60","241"
"Aryan","Female","4","6","25","24","55"
"Reyansh","Male","12","14","77","58","149"
"Aditi","Male","5","69","3","57","129"
"Saanvi","Female","5","93","47","42","182"
"Reyansh","Female","8","37","6","9","52"
"Kabir","Female","3","27","78","90","195"
"Aarav","Male","2","84","64","65","213"
"Zara","Male","2","84","44","70","198"
"Rohan","Female","7","56","99","60","215"
"Arjun","Male","8","66","63","56","185"
"Saanvi","Male","10","89","58","26","173"
"Aarav","Male","9","42","28","76","146"
"Shaurya","Male","5","64","95","26","185"
"Vihaan","Female","10","33","13","63","109"
"Reyansh","Male","8","56","11","0","67"
"Ishaan","Male","11","48","76","67","191"
"Rohan","Female","1","92","62","34","188"
"Aryan","Male","12","46","84","80","210"
"Arjun","Male","10","17","41","25","83"
"Diya","Male","7","79","87","23","189"
"Reyansh","Female","8","44","45","60","149"
"Navya","Male","6","44","11","34","89"
"Ananya","Female","8","2","46","71","119"
"Saanvi","Male","6","21","12","40","73"
"Myra","Male","5","48","60","0","108"
"Aarav","Male","10","46","44","59","149"
"Isha","Male","7","9","58","71","138"
"Vihaan","Male","8","52","98","37","187"
"Advika","Male","7","18","91","28","137"
"Isha","Male","9","0","33","5","38"
"Reyansh","Male","10","14","77","54","145"
"Ananya","Male","6","37","12","50","99"
"Krishna","Male","6","45","99","24","168"
"Vihaan","Male","3","76","29","60","165"
"Reyansh","Female","2","14","27","49","90"
"Diya","Female","7","1","53","80","134"
"Ananya","Male","5","76","86","56","218"
"Arjun","Male","9","9","43","1","53"
"Rohan","Male","3","18","33","59","110"
"Arjun","Female","12","59","80","36","175"
"Advika","Female","9","18","56","50","124"
"Kabir","Male","12","81","75","10","166"
"Reyansh","Male","4","85","39","16","140"
"Aarav","Male","4","11","6","41","58"
"Shaurya","Female","2","81","23","3","107"
"Aarav","Male","3","18","15","33","66"
"Aarav","Male","12","63","47","98","208"
"Krishna","Female","3","76","87","46","209"
"Diya","Female","4","98","71","40","209"
"Ishaan","Female","4","69","0","3","72"
"Aditi","Female","7","30","57","92","179"
"Navya","Female","1","92","86","62","240"
"Ananya","Female","8","78","93","39","210"
"Aarav","Male","3","77","84","41","202"
"Aryan","Male","5","42","3","50","95"
"Kabir","Male","6","87","90","84","261"
"Reyansh","Male","5","97","5","41","143"
"Reyansh","Female","3","30","89","38","157"
"Diya","Male","5","32","20","67","119"
"Isha","Female","10","40","49","77","166"
"Aarav","Female","8","78","71","61","210"
"Aditi","Male","1","83","95","53","231"
"Zara","Male","2","47","17","27","91"
"Ishaan","Male","12","84","71","24","179"
"Ananya","Female","5","99","2","81","182"
"Aryan","Male","10","62","76","25","163"
"Myra","Male","1","67","35","71","173"
"Ishaan","Male","4","10","23","79","112"
"Ishaan","Male","10","68","88","32","188"
"Aditi","Male","9","79","27","97","203"
"Ananya","Male","7","88","15","88","191"
"Arjun","Female","5","89","27","97","213"
"Krishna","Male","11","8","92","38","138"
"Aarav","Male","11","56","26","30","112"
"Ananya","Female","7","6","35","64","105"
"Aryan","Female","2","85","29","96","210"
"Aarav","Female","8","84","100","41","225"
"Shaurya","Female","6","82","29","32","143"
"Saanvi","Male","12","57","31","40","128"
"Reyansh","Female","1","14","5","3","22"
"Krishna","Female","2","94","26","92","212"
"Shaurya","Female","11","82","16","33","131"
"Kabir","Male","8","89","8","82","179"
"Aditi","Male","3","1","26","17","44"
"Kabir","Male","5","21","52","84","157"
"Aditi","Male","2","52","59","9","120"
"Myra","Female","9","32","94","91","217"
"Ananya","Male","6","3","92","44","139"
"Vihaan","Male","9","44","40","76","160"
"Aryan","Female","2","85","44","80","209"
"Kabir","Female","8","70","20","58","148"
"Reyansh","Male","3","86","41","0","127"
"Reyansh","Male","5","18","70","20","108"
"Saanvi","Female","12","62","16","42","120"
"Rohan","Female","6","17","6","73","96"
"Arjun","Male","6","16","62","70","148"
"Shaurya","Female","8","20","21","2","43"
"Reyansh","Female","12","70","92","59","221"
"Kabir","Female","2","46","57","67","170"
"Ananya","Male","10","39","96","58","193"
"Shaurya","Male","10","63","31","35","129"
"Diya","Female","1","22","79","91","192"
"Zara","Female","6","53","8","72","133"
"Diya","Male","9","17","16","46","79"
"Aarav","Female","6","50","72","39","161"
"Advika","Female","6","41","11","85","137"
"Aarav","Female","8","27","25","59","111"
"Aarav","Male","9","36","52","86","174"
"Isha","Male","12","96","22","15","133"
"Aarav","Male","8","56","31","11","98"
"Aditi","Male","6","38","93","45","176"
"Reyansh","Female","8","8","38","66","112"
"Krishna","Female","9","18","93","21","132"
"Aarav","Male","7","8","9","60","77"
"Advika","Female","3","72","38","10","120"
"Saanvi","Female","9","88","72","47","207"
"Navya","Male","7","28","76","93","197"
"Aditi","Male","10","93","77","74","244"
"Myra","Male","2","50","1","82","133"
"Shaurya","Female","8","25","98","17","140"
"Saanvi","Male","2","95","18","15","128"
"Zara","Male","11","100","38","44","182"
"Vihaan","Female","11","4","4","33","41"
"Rohan","Male","8","50","50","29","129"
"Ishaan","Female","11","51","80","9","140"
"Navya","Female","11","36","38","40","114"
"Kabir","Female","11","82","34","21","137"
"Ishaan","Female","7","28","50","53","131"
"Diya","Male","11","97","97","51","245"
"Navya","Male","10","25","66","83","174"
"Anika","Female","4","67","8","59","134"
"Aarav","Male","10","4","55","34","93"
"Vihaan","Female","1","41","30","84","155"
"Arjun","Male","5","24","56","9","89"
"Ananya","Male","10","10","94","2","106"
"Shaurya","Female","1","94","5","44","143"
"Anika","Female","5","32","56","41","129"
"Shaurya","Female","7","23","53","48","124"
"Saanvi","Male","1","65","44","28","137"
"Aryan","Female","3","31","86","35","152"
"Reyansh","Male","1","8","78","30","116"
"Aarav","Male","8","58","50","38","146"
"Saanvi","Male","4","6","24","44","74"
"Aarav","Female","8","99","50","40","189"
"Zara","Female","4","61","98","76","235"
"Aditi","Female","6","32","25","27","84"
"Advika","Female","11","73","39","3","115"
"Vihaan","Male","5","100","67","41","208"
"Kabir","Male","12","98","21","37","156"
"Advika","Male","9","74","64","72","210"
"Myra","Female","10","1","50","13","64"
"Diya","Female","11","93","88","29","210"
"Ishaan","Female","4","94","16","87","197"
"Anika","Male","9","88","23","72","183"
"Advika","Female","8","10","32","62","104"
"Ananya","Male","7","73","52","17","142"
"Myra","Female","2","17","92","74","183"
"Aryan","Male","1","83","95","41","219"
"Advika","Male","3","88","79","30","197"
"Aditi","Female","11","85","40","15","140"
"Advika","Female","11","75","25","69","169"
"Kabir","Female","10","24","51","100","175"
"Aryan","Male","1","87","61","97","245"
"Saanvi","Female","1","79","61","17","157"
"Ananya","Female","2","48","2","75","125"
"Aarav","Male","5","96","8","98","202"
"Vihaan","Male","3","18","50","3","71"
"Anika","Male","5","83","70","58","211"
"Aarav","Female","6","31","56","99","186"
"Aditi","Male","12","18","81","57","156"
"Aarav","Male","2","51","24","34","109"
"Myra","Male","12","70","99","31","200"
"Ananya","Female","3","63","91","55","209"
"Saanvi","Male","5","31","98","59","188"
"Aryan","Female","7","55","93","64","212"
"Ishaan","Female","10","69","90","92","251"
"Aditi","Female","8","8","22","84","114"
"Advika","Male","3","39","86","3","128"
"Zara","Male","10","27","69","63","159"
"Ishaan","Female","2","88","62","60","210"
"Saanvi","Male","2","75","16","74","165"
"Aarav","Female","3","50","31","70","151"
"Krishna","Female","4","91","11","14","116"
"Ishaan","Male","1","80","67","12","159"
"Aryan","Male","12","79","87","98","264"
"Krishna","Male","5","26","95","40","161"
"Ananya","Male","7","73","67","73","213"
"Shaurya","Male","9","97","49","43","189"
"Aditi","Male","9","15","53","100","168"
"Anika","Male","2","74","69","97","240"
"Myra","Male","10","95","62","4","161"
"Arjun","Male","3","38","14","97","149"
"Ishaan","Male","11","100","63","4","167"
"Krishna","Female","1","2","31","35","68"
"Arjun","Male","8","15","2","100","117"
"Ananya","Female","12","82","90","30","202"
"Diya","Female","2","67","2","76","145"
"Kabir","Male","9","41","53","71","165"
"Reyansh","Female","8","51","23","59","133"
"Arjun","Female","3","77","10","55","142"
"Isha","Male","4","56","77","11","144"
"Aarav","Female","2","66","97","11","174"
"Isha","Female","5","60","22","34","116"
"Aryan","Male","1","48","47","97","192"
"Aarav","Female","4","31","7","1","39"
"Rohan","Male","1","10","9","57","76"
"Advika","Male","10","22","79","24","125"
"Reyansh","Male","9","44","73","79","196"
"Vihaan","Female","9","20","60","54","134"
"Shaurya","Male","3","27","3","13","43"
"Myra","Female","1","31","73","67","171"
"Isha","Male","12","23","99","92","214"
"Zara","Female","12","5","100","16","121"
"Aditi","Male","3","100","29","83","212"
"Myra","Female","1","99","66","61","226"
"Aryan","Female","7","48","3","83","134"
"Aryan","Female","9","78","12","48","138"
"Ishaan","Female","2","74","52","97","223"
"Krishna","Male","10","20","47","3","70"
"Isha","Female","5","15","8","94","117"
"Anika","Male","5","43","98","66","207"
"Saanvi","Male","2","2","37","79","118"
"Krishna","Male","3","64","68","37","169"
"Ananya","Male","6","1","60","92","153"
"Vihaan","Male","1","94","64","65","223"
"Arjun","Male","6","65","88","51","204"
"Isha","Female","2","12","91","81","184"
"Ishaan","Male","5","18","34","7","59"
"Diya","Female","3","74","95","50","219"
"Myra","Male","5","100","25","54","179"
"Advika","Male","5","17","75","13","105"
"Kabir","Male","6","37","83","57","177"
"Aditi","Male","12","90","90","28","208"
"Myra","Male","9","46","56","28","130"
"Aditi","Male","7","66","82","39","187"
"Shaurya","Male","7","3","23","17","43"
"Vihaan","Female","4","53","37","19","109"
"Saanvi","Female","4","3","59","14","76"
"Myra","Male","3","22","81","66","169"
"Kabir","Female","3","97","4","59","160"
"Advika","Male","5","18","82","32","132"
"Ananya","Female","12","56","56","89","201"
"Rohan","Male","6","60","56","71","187"
"Aditi","Female","7","73","21","23","117"
"Shaurya","Female","6","88","9","67","164"
"Myra","Female","9","12","64","5","81"
"Diya","Male","2","9","9","43","61"
"Navya","Female","3","65","31","25","121"
"Zara","Female","9","60","48","24","132"
"Ananya","Female","5","42","99","95","236"
"Advika","Male","6","35","7","19","61"
"Ananya","Male","4","89","39","100","228"
"Isha","Male","3","66","90","94","250"
"Ishaan","Female","11","83","66","36","185"
"Myra","Male","2","31","97","29","157"
"Anika","Female","3","94","1","41","136"
"Ananya","Female","3","40","89","44","173"
"Myra","Male","11","90","17","73","180"
"Krishna","Female","4","54","62","15","131"
"Aarav","Male","7","41","45","55","141"
"Advika","Male","6","26","70","75","171"
"Zara","Female","3","23","70","61","154"
"Kabir","Male","6","28","27","100","155"
"Aarav","Female","5","70","70","89","229"
"Shaurya","Female","1","55","63","49","167"
"Kabir","Male","12","32","28","99","159"
"Diya","Male","6","27","91","90","208"
"Rohan","Male","5","43","4","51","98"
"Ananya","Male","9","58","87","98","243"
"Vihaan","Female","12","86","46","96","228"
"Navya","Male","1","63","56","62","181"
"Aditi","Female","2","44","51","69","164"
"Anika","Male","9","70","92","91","253"
"Shaurya","Female","10","38","14","71","123"
"Aarav","Male","12","69","75","26","170"
"Advika","Female","12","91","70","74","235"
"Krishna","Female","10","98","84","97","279"
"Aryan","Female","1","89","44","99","232"
"Diya","Female","12","63","86","68","217"
"Ishaan","Male","9","66","5","48","119"
"Aryan","Female","4","87","43","77","207"
"Advika","Male","9","46","54","72","172"
"Isha","Female","9","9","63","56","128"
"Vihaan","Female","10","56","29","15","100"
"Zara","Female","4","37","95","35","167"
"Kabir","Female","3","18","59","9","86"
"Aditi","Female","11","45","71","5","121"
"Arjun","Female","12","4","43","80","127"
"Kabir","Female","7","53","2","97","152"
"Navya","Female","4","61","80","77","218"
"Aryan","Male","11","21","38","73","132"
"Navya","Female","6","6","13","13","32"
"Anika","Female","8","57","69","42","168"
"Reyansh","Male","11","52","21","85","158"
"Zara","Female","10","94","34","34","162"
"Rohan","Male","9","39","88","46","173"
"Advika","Male","1","51","14","23","88"
"Ishaan","Female","8","34","1","59","94"
"Kabir","Male","11","29","95","29","153"
"Krishna","Female","3","50","80","0","130"
"Vihaan","Female","4","47","41","24","112"
"Aryan","Male","4","96","90","61","247"
"Saanvi","Female","12","27","84","94","205"
"Diya","Male","5","16","34","87","137"
"Vihaan","Male","7","51","97","31","179"
"Vihaan","Female","7","53","29","21","103"
"Reyansh","Male","1","33","36","86","155"
"Arjun","Male","10","57","54","42","153"
"Reyansh","Female","3","33","28","36","97"
"Aarav","Male","2","46","72","44","162"
"Reyansh","Male","7","38","8","69","115"
"Anika","Female","12","11","49","90","150"
"Vihaan","Male","11","68","56","17","141"
"Aryan","Female","12","28","72","72","172"
"Advika","Female","4","55","9","82","146"
"Anika","Male","2","77","24","4","105"
"Isha","Female","6","60","80","20","160"
"Rohan","Female","10","62","9","75","146"
"Vihaan","Female","6","20","94","51","165"
"Aditi","Female","4","63","59","39","161"
"Aarav","Female","8","89","33","12","134"
"Isha","Male","6","0","68","14","82"
"Aarav","Female","11","16","78","71","165"
"Kabir","Female","2","83","68","5","156"
"Rohan","Male","3","39","49","6","94"
"Zara","Male","12","43","26","94","163"
"Aarav","Female","3","74","73","45","192"
"Ishaan","Female","10","6","49","70","125"
"Zara","Female","5","22","28","13","63"
"Kabir","Male","12","20","14","66","100"
"Advika","Female","9","53","36","8","97"
"Arjun","Female","11","24","55","46","125"
"Anika","Female","7","12","81","71","164"
"Myra","Female","8","65","18","75","158"
"Rohan","Male","9","42","33","12","87"
"Advika","Female","3","46","18","53","117"
"Krishna","Male","4","37","3","0","40"
"Ananya","Female","7","47","19","63","129"
"Kabir","Male","2","19","46","43","108"
"Arjun","Male","3","55","24","84","163"
"Saanvi","Female","5","23","81","37","141"
"Aarav","Female","5","82","98","51","231"
"Arjun","Female","12","14","50","23","87"
"Aryan","Male","6","81","79","38","198"
"Kabir","Female","9","46","48","82","176"
"Isha","Male","9","91","73","22","186"
"Myra","Female","10","15","2","12","29"
"Arjun","Male","1","69","85","52","206"
"Myra","Male","7","44","12","31","87"
"Ishaan","Male","10","77","87","5","169"
"Saanvi","Male","2","77","23","73","173"
"Diya","Female","5","55","19","89","163"
"Myra","Female","7","79","40","78","197"
"Rohan","Male","7","74","81","22","177"
"Myra","Female","1","73","96","60","229"
"Kabir","Male","3","66","26","64","156"
"Arjun","Female","10","65","68","80","213"
"Aditi","Female","1","92","90","93","275"
"Rohan","Male","1","14","76","68","158"
"Myra","Male","4","24","75","92","191"
"Ananya","Female","3","7","52","13","72"
"Arjun","Male","12","28","9","23","60"
"Rohan","Female","1","65","64","58","187"
"Diya","Male","4","48","31","14","93"
"Aarav","Male","9","26","25","97","148"
"Vihaan","Male","10","45","34","94","173"
"Arjun","Male","7","11","16","43","70"
"Advika","Male","5","76","57","37","170"
"Reyansh","Female","7","93","78","5","176"
"Saanvi","Female","11","19","76","46","141"
"Zara","Male","12","90","34","54","178"
"Shaurya","Female","8","14","57","40","111"
"Aarav","Male","12","80","27","79","186"
"Rohan","Female","8","60","62","92","214"
"Aditi","Female","6","76","63","87","226"
"Arjun","Female","11","18","3","76","97"
"Zara","Male","12","83","98","83","264"
"Ishaan","Male","3","33","47","52","132"
"Myra","Female","6","93","60","87","240"
"Advika","Male","8","86","16","86","188"
"Isha","Male","4","63","78","56","197"
"Ishaan","Female","4","41","61","69","171"
"Rohan","Male","9","37","46","36","119"
"Diya","Female","11","100","40","3","143"
"Aditi","Male","6","65","23","55","143"
"Vihaan","Female","11","90","50","67","207"
"Rohan","Female","1","63","55","31","149"
"Anika","Male","10","87","14","34","135"
"Kabir","Male","4","99","13","84","196"
"Arjun","Female","11","71","37","99","207"
"Aditi","Female","6","42","17","33","92"
"Reyansh","Male","3","11","70","50","131"
"Arjun","Female","7","87","100","12","199"
"Kabir","Female","9","77","36","16","129"
"Myra","Male","2","91","64","68","223"
"Krishna","Female","9","0","52","79","131"
"Navya","Male","2","49","34","95","178"
"Aarav","Male","7","21","10","47","78"
"Ishaan","Female","6","45","93","27","165"
"Ishaan","Male","8","56","28","73","157"
"Myra","Male","12","87","41","31","159"
"Vihaan","Male","12","96","46","69","211"
"Anika","Male","9","11","81","37","129"
"Shaurya","Male","8","44","62","51","157"
"Vihaan","Female","1","55","94","10","159"
"Saanvi","Female","3","50","4","6","60"
"Diya","Male","5","16","96","5","117"
"Aryan","Male","8","78","59","4","141"
"Aditi","Female","4","5","97","79","181"
"Advika","Female","3","55","38","45","138"
"Arjun","Female","3","32","79","19","130"
"Anika","Male","6","32","9","63","104"
"Zara","Female","7","27","14","45","86"
"Isha","Male","4","79","84","39","202"
"Vihaan","Male","1","4","48","45","97"
"Aarav","Male","9","69","56","11","136"
"Reyansh","Female","5","74","60","18","152"
"Rohan","Male","4","54","70","42","166"
"Ananya","Male","6","67","45","61","173"
"Aarav","Male","8","99","79","44","222"
"Aditi","Male","3","14","15","74","103"
"Reyansh","Female","12","42","67","27","136"
"Zara","Male","11","63","66","86","215"
"Ananya","Male","2","55","77","3","135"
"Ananya","Male","6","68","45","75","188"
"Shaurya","Male","7","57","59","63","179"
"Shaurya","Male","10","16","78","47","141"
"Shaurya","Female","1","72","20","69","161"
"Vihaan","Male","7","25","99","8","132"
"Advika","Female","11","43","96","92","231"
"Arjun","Female","3","10","74","62","146"
"Saanvi","Male","2","26","37","63","126"
"Aryan","Male","7","59","19","63","141"
"Shaurya","Female","8","29","42","19","90"
"Diya","Female","6","72","22","34","128"
"Anika","Female","4","15","60","41","116"
"Arjun","Female","7","67","58","15","140"
"Reyansh","Male","4","28","39","15","82"
"Myra","Female","12","95","98","46","239"
"Ishaan","Male","7","90","97","77","264"
"Myra","Female","1","20","37","17","74"
"Saanvi","Male","1","67","15","54","136"
"Krishna","Male","1","63","32","14","109"
"Krishna","Male","8","94","94","40","228"
"Saanvi","Male","9","80","98","79","257"
"Aryan","Female","5","78","2","35","115"
"Saanvi","Male","2","37","10","24","71"
"Shaurya","Male","12","50","53","34","137"
"Arjun","Male","4","42","62","55","159"
"Diya","Male","8","24","51","82","157"
"Anika","Male","9","4","80","64","148"
"Krishna","Male","9","31","21","89","141"
"Ishaan","Male","1","49","69","5","123"
"Zara","Male","7","27","8","46","81"
"Diya","Female","6","72","2","44","118"
"Navya","Female","9","100","45","1","146"
"Myra","Female","4","57","13","20","90"
"Myra","Male","4","98","70","57","225"
"Ananya","Male","10","8","49","0","57"
"Arjun","Male","8","13","34","24","71"
"Isha","Male","9","43","97","80","220"
"Anika","Male","5","34","50","76","160"
"Advika","Female","7","75","65","60","200"
"Navya","Male","1","64","3","59","126"
"Vihaan","Female","2","58","50","41","149"
"Aarav","Female","10","55","92","94","241"
"Saanvi","Male","4","62","17","57","136"
"Ishaan","Female","8","25","98","48","171"
"Isha","Male","1","37","29","65","131"
"Arjun","Female","12","81","5","64","150"
"Aditi","Male","3","33","67","29","129"
"Ishaan","Female","8","42","4","21","67"
"Kabir","Male","2","71","38","20","129"
"Aryan","Male","12","95","72","69","236"
"Shaurya","Male","2","49","67","7","123"
"Aditi","Female","10","30","90","22","142"
"Navya","Female","12","48","35","76","159"
"Aditi","Male","10","25","90","99","214"
"Isha","Male","3","14","61","92","167"
"Anika","Male","2","98","88","38","224"
"Rohan","Female","5","91","63","9","163"
"Aarav","Female","5","51","61","43","155"
"Anika","Female","1","37","12","48","97"
"Aarav","Male","7","24","80","25","129"
"Diya","Male","9","51","57","7","115"
"Rohan","Female","8","63","67","9","139"
"Shaurya","Male","8","54","92","38","184"
"Zara","Male","5","45","72","56","173"
"Navya","Male","7","94","86","79","259"
"Aarav","Female","1","18","40","58","116"
"Zara","Female","2","84","63","15","162"
"Diya","Male","10","23","38","47","108"
"Vihaan","Male","11","35","27","41","103"
"Arjun","Male","12","39","86","79","204"
"Myra","Male","12","49","1","41","91"
"Rohan","Male","11","85","11","17","113"
"Rohan","Male","12","19","46","26","91"
"Ishaan","Male","11","31","29","12","72"
"Krishna","Female","9","31","68","72","171"
"Saanvi","Female","3","21","28","88","137"
"Diya","Male","10","40","30","37","107"
"Krishna","Female","6","21","61","60","142"
"Anika","Female","2","77","43","73","193"
"Rohan","Female","10","28","81","58","167"
"Aarav","Male","5","53","68","73","194"
"Myra","Male","6","4","81","31","116"
"Kabir","Female","3","71","82","79","232"
"Ananya","Male","11","18","22","96","136"
"Arjun","Male","5","13","12","17","42"
"Reyansh","Male","4","33","78","50","161"
"Rohan","Male","8","68","17","49","134"
"Navya","Female","12","11","82","37","130"
"Myra","Female","9","34","75","41","150"
"Anika","Female","7","41","38","58","137"
"Arjun","Female","9","82","100","32","214"
"Vihaan","Male","5","55","20","26","101"
"Anika","Female","8","18","94","14","126"
"Rohan","Male","1","19","97","82","198"
"Rohan","Male","9","68","16","22","106"
"Aryan","Male","6","94","2","17","113"
"Aditi","Female","9","71","2","96","169"
"Aryan","Female","4","26","5","92","123"
"Aditi","Female","5","26","9","39","74"
"Vihaan","Female","8","98","53","59","210"
"Zara","Male","5","93","20","68","181"
"Aarav","Female","5","41","16","86","143"
"Ananya","Female","7","53","20","51","124"
"Reyansh","Female","7","78","33","65","176"
"Myra","Female","1","51","60","49","160"
"Krishna","Male","4","20","40","82","142"
"Ananya","Female","10","32","14","31","77"
"Diya","Female","12","21","75","57","153"
"Reyansh","Male","6","4","55","45","104"
"Aryan","Male","3","77","2","74","153"
"Krishna","Male","2","92","26","17","135"
"Arjun","Male","5","80","2","50","132"
"Ishaan","Male","12","31","22","31","84"
"Arjun","Male","3","83","37","44","164"
"Kabir","Male","4","76","12","20","108"
"Vihaan","Female","7","58","47","56","161"
"Arjun","Female","11","69","7","4","80"
"Kabir","Male","8","87","48","3","138"
"Zara","Female","7","92","83","56","231"
"Zara","Female","11","64","13","89","166"
"Rohan","Male","5","15","71","87","173"
"Kabir","Female","6","44","81","76","201"
"Krishna","Female","12","19","13","29","61"
"Anika","Female","7","54","65","60","179"
"Advika","Male","4","47","96","47","190"
"Reyansh","Female","4","81","49","72","202"
"Shaurya","Female","12","42","18","92","152"
"Advika","Female","7","86","39","28","153"
"Reyansh","Male","7","60","90","59","209"
"Reyansh","Female","6","73","49","74","196"
"Shaurya","Male","11","31","53","99","183"
"Anika","Male","3","11","41","13","65"
"Rohan","Female","4","80","17","51","148"
"Aarav","Male","6","23","59","52","134"
"Shaurya","Male","10","32","67","45","144"
"Advika","Female","12","76","19","13","108"
"Aarav","Female","10","62","41","70","173"
"Reyansh","Male","6","100","59","89","248"
"Shaurya","Male","6","56","67","74","197"
"Rohan","Female","11","52","85","92","229"
"Zara","Male","11","56","44","92","192"
"Shaurya","Male","10","61","25","60","146"
"Isha","Female","8","24","83","58","165"
"Navya","Male","4","58","38","59","155"
"Aryan","Female","12","57","94","100","251"
"Ishaan","Male","1","38","15","73","126"
"Ishaan","Female","2","8","2","3","13"
"Shaurya","Female","8","91","18","88","197"
"Anika","Female","3","30","35","93","158"
"Navya","Female","8","54","65","37","156"
"Vihaan","Female","8","12","22","2","36"
"Reyansh","Male","8","71","1","19","91"
"Vihaan","Male","10","86","14","83","183"
"Navya","Male","2","91","62","34","187"
"Krishna","Male","1","51","91","65","207"
"Aryan","Male","8","53","74","24","151"
"Aditi","Male","4","34","66","64","164"
"Vihaan","Female","2","78","91","66","235"
"Isha","Female","8","23","84","26","133"
"Kabir","Female","6","92","63","92","247"
"Ananya","Male","5","62","94","6","162"
"Diya","Male","8","90","16","17","123"
"Reyansh","Female","10","11","45","76","132"
"Ananya","Female","5","59","75","31","165"
"Kabir","Male","5","68","11","66","145"
"Anika","Female","9","100","29","64","193"
"Rohan","Female","6","36","89","22","147"
"Ishaan","Female","2","66","7","34","107"
"Advika","Female","11","11","65","2","78"
"Saanvi","Female","9","22","76","0","98"
"Ishaan","Male","11","85","13","78","176"
"Ananya","Female","4","23","48","78","149"
"Shaurya","Female","7","56","4","84","144"
"Ishaan","Female","5","50","96","81","227"
